
AP UTC TIME:2026-03-18-02-15-35, reset cnt:0
pecified device does not exist.
open /dev/socbridge_spi2axi_0 failed!
[   31.819203] im-pmctrl soc:im_pm_ctrl_0@0: [im_pm_ctrl_0]: isp power control power-dis start
[   31.819432] im-pmctrl soc:im_pm_ctrl_0@0: [im_pm_ctrl_0]: isp power control power-dis done
Specified device does not exist.
open /dev/socbridge_spi2axi_0 failed!
[   31.823348] im-pmctrl soc:im_pm_ctrl_0@0: [im_pm_ctrl_0]: isp power control power-en start
[   31.825604] im-pmctrl soc:im_pm_ctrl_0@0: Global dev power on. Operator im_pm_ctrl_0, ref cnt 1
[   31.825837] im-pmctrl soc:im_pm_ctrl_0@0: [im_pm_ctrl_0]: isp power control power-en done
[   31.831554] Spi_bridge Driver Version:1.5.1
[   31.831768] spibridge spi0.0: transfer-slice-size not specified, using default
[   31.831965] spibridge spi0.0: SPI bridge transfer slice size: 2097152
[   31.837328] spibridge spi0.0: ls_bridge2axi reset success.
[   31.837589] spibridge spi0.0: spi2axi tuning start
[   31.837903] spibridge spi0.0: 0 cycles skip
[   31.838137] spibridge spi0.0: 1 cycles skip
[   31.838359] spibridge spi0.0: 2 cycles skip
[   31.838578] spibridge spi0.0: 3 cycles skip
[   31.838797] spibridge spi0.0: 4 cycles skip
[   31.839015] spibridge spi0.0: 5 cycles skip
[   31.839235] spibridge spi0.0: 6 cycles skip
[   31.839453] spibridge spi0.0: 7 cycles skip
[   31.839672] spibridge spi0.0: 8 cycles skip
[   31.839891] spibridge spi0.0: 9 cycles skip
[   31.840175] spibridge spi0.0: 10 cycles skip
[   31.840409] spibridge spi0.0: 11 cycles skip
[   31.840636] spibridge spi0.0: 12 cycles skip
[   31.840870] spibridge spi0.0: 13 cycles skip
[   31.841106] spibridge spi0.0: 14 cycles skip
[   31.841332] spibridge spi0.0: 15 cycles skip
[   31.841507] spibridge spi0.0: spi tuning failed
[   31.841633] spibridge spi0.0: using SPI
[   31.841894] spibridge spi0.0: Spi2axi glb csr 0x0
[   31.842113] spibridge spi0.0: spibridge_set_max_transfer_chunk transfer slice size: 2097152
[   31.842941] Device socbridge_spi2axi_1@(____ptrval____) registered to socbridge successfully
[   31.843170] spibridge spi0.0: Device registered done
[   31.843455] Spi_bridge Driver Version:1.5.1
[   31.843656] spibridge spi1.0: transfer-slice-size not specified, using default
[   31.843854] spibridge spi1.0: SPI bridge transfer slice size: 2097152
[   31.849199] spibridge spi1.0: ls_bridge2axi reset success.
[   31.849462] spibridge spi1.0: spi2axi tuning start
[   31.849761] spibridge spi1.0: 0 cycles skip
[   31.849994] spibridge spi1.0: 1 cycles skip
[   31.850216] spibridge spi1.0: 2 cycles skip
[   31.850434] spibridge spi1.0: 3 cycles skip
[   31.850654] spibridge spi1.0: 4 cycles skip
[   31.850872] spibridge spi1.0: 5 cycles skip
[   31.851091] spibridge spi1.0: 6 cycles skip
[   31.851310] spibridge spi1.0: 7 cycles skip
[   31.851530] spibridge spi1.0: 8 cycles skip
[   31.851748] spibridge spi1.0: 9 cycles skip
[   31.851967] spibridge spi1.0: 10 cycles skip
[   31.852219] spibridge spi1.0: 11 cycles skip
[   31.852456] spibridge spi1.0: 12 cycles skip
[   31.852678] spibridge spi1.0: 13 cycles skip
[   31.852900] spibridge spi1.0: 14 cycles skip
[   31.853120] spibridge spi1.0: 15 cycles skip
[   31.853293] spibridge spi1.0: spi tuning failed
[   31.853419] spibridge spi1.0: using SPI
[   31.853679] spibridge spi1.0: Spi2axi glb csr 0x0
[   31.853893] spibridge spi1.0: spibridge_set_max_transfer_chunk transfer slice size: 2097152
[   31.854713] Device socbridge_spi2axi_0@(____ptrval____) registered to socbridge successfully
[   31.854941] spibridge spi1.0: Device registered done
[   31.859298] btd_vivian-pinctrl 400.pinctrl: btd_pmx_set_mux: func[0] group[6]
[   31.859558] Ipc Driver Version:1.4.8
[   31.859694] tetras-ipcdev soc:im_ipc_0@0: fail to get ipc reg from dts!
[   31.859876] tetras-ipcdev soc:im_ipc_0@0: ipc dev id 0
[   31.860024] Scan socbridge device: socbridge_spi2axi_1@(____ptrval____)
[   31.860214] Scan socbridge device: socbridge_spi2axi_0@(____ptrval____)
[   31.860395] im_ipc_0 found matching socbridge device socbridge_spi2axi_0@(____ptrval____)
[   31.860803] tetras-ipcdev soc:im_ipc_0@0: ipc bridge (____ptrval____)
[   31.861502] btd_vivian-pinctrl 400.pinctrl: btd_pmx_set_mux: func[0] group[7]
[   31.861751] Ipc Driver Version:1.4.8
[   31.861888] tetras-ipcdev soc:im_ipc_1@1: fail to get ipc reg from dts!
[   31.862068] tetras-ipcdev soc:im_ipc_1@1: ipc dev id 1
[   31.862213] Scan socbridge device: socbridge_spi2axi_1@(____ptrval____)
[   31.862392] im_ipc_1 found matching socbridge device socbridge_spi2axi_1@(____ptrval____)
[   31.862613] tetras-ipcdev soc:im_ipc_1@1: ipc bridge (____ptrval____)
cp: can't stat '/mnt/fuse/calibration/current/pvr/imu_temp_bias.txt': No such file or directory
[   32.588051] resume the power domain device: 40919000.camera_mcu
[   32.588256] Before power on STAR1_SW_IRQ = 0x00000000
[   32.588727] using cameraFirmware-0x8.bin Success
[   32.589401] using configData-0x8.bin Success
[   32.591256] Before cpu wait STAR1_SW_IRQ = 0x00000000
[   32.591525] After config initdone STAR1_SW_IRQ = 0x00000000
[   32.591895] firmware download to device: 40919000.camera_mcu done.
[   32.592080] camera mcu device opened, ret:0.
/mnt/fuse/camera/imx611_calibration.bin: OK
[sstr_freadend:83][2:No such file or directory]fopen r /mnt/fuse/sched.json is error!
[cjson_new_file:418][2:No such file or directory]sstr_freadend path:/mnt/fuse/sched.json is error!
[   32.731509] btd-pdomain btd-power-domain.4: power on pd-dpu
[   32.731967] vivian_dpu 50360000.dpu: Turn on IRQ: 0x10000, 0xffffff7f, 0xffffffff!
[   32.737585] [SENSOR_CORE] sensor sensor_core_open client_id=0 client_name=flick_data_serv
Initializing CM Engine.
LogPrint Level INFO
[sstr_freadend:83][2:No such file or directory]fopen r /mnt/fuse/sched.json is error!
[cjson_new_file:418][2:No such file or directory]sstr_freadend path:/mnt/fuse/sched.json is error!
OK
ddr_daemon exit!
[   32.770905] te 40200000.te600: clk not specified, assume fixed clock
[   32.771194] KERNEL  te_drv_init...
[   32.771202] KERNEL  host[2] waits sw_init_done...
[   32.773332] KERNEL  [DONE]
[   32.774389] KERNEL  slotgovernor[hash]: short slot( 0 ~ 8 ), total: 8
[   32.774567] KERNEL  slotgovernor[hash]: long slot( 8 ~ 16 ), total: 8
[   32.774887] KERNEL  slotgovernor[sca]: short slot( 0 ~ 8 ), total: 8
[   32.775322] KERNEL  slotgovernor[sca]: long slot( 8 ~ 16 ), total: 8
[   32.775738] KERNEL  SRAM Pool Base: 0x80000000, size: 0x2000, alignment: 0x10
[   32.775744] KERNEL  ACA Async Thread Start...
[   32.775940] KERNEL   ACA driver init success!
[   32.776474] te 40200000.te600: Registered xts-aes-te
[   32.776726] te 40200000.te600: Registered xts-sm4-te
[   32.776977] te 40200000.te600: Registered ctr-aes-te
[   32.777251] te 40200000.te600: Registered ctr-sm4-te
[   32.777501] te 40200000.te600: Registered ofb-aes-te
[   32.777756] te 40200000.te600: Registered ofb-sm4-te
[   32.778014] te 40200000.te600: Registered cbc-aes-te
[   32.778290] te 40200000.te600: Registered cbc-sm4-te
[   32.778549] te 40200000.te600: Registered ecb-aes-te
[   32.778797] te 40200000.te600: Registered ecb-sm4-te
[   32.779046] te 40200000.te600: Registered cbc-des-te
[   32.779308] te 40200000.te600: Registered cbc-3des-te
[   32.779559] te 40200000.te600: Registered ecb-des-te
[   32.779807] te 40200000.te600: Registered ecb-3des-te
[   32.780062] te 40200000.te600: Registered hmac-md5-te
[   32.780848] te 40200000.te600: Registered hmac-sha1-te
[   32.781302] te 40200000.te600: Registered hmac-sha224-te
[   32.781695] te 40200000.te600: Registered hmac-sha256-te
[   32.782072] te 40200000.te600: Registered hmac-sha384-te
[   32.782497] te 40200000.te600: Registered hmac-sha512-te
[   32.782864] te 40200000.te600: Registered hmac-sm3-te
[   32.784509] te 40200000.te600: Registered ccm-aes-te
[   32.784780] te 40200000.te600: Registered ccm-sm4-te
[   32.785042] te 40200000.te600: Registered gcm-aes-te
[   32.785295] te 40200000.te600: Registered gcm-sm4-te
[   32.785549] te 40200000.te600: Registered rsa-te
[   32.785800] te 40200000.te600: Registered dh-te
[   32.786043] te 40200000.te600: Registered ecdh-te
[   32.786202] te 40200000.te600: Arm China te device initialized
[   32.844547] DFX_IRQ_MON: IRQs-off detector enabled with threshold: 10000000 ns
[   32.845022] DFX_IRQ_MON: IRQ handler latency detector enabled with threshold: 1000000 ns
# [   33.007086] hotplug_drv hmd-hotplug: hmd state=2 (presnt=0, plugout=0)
Initializing DCC engine.
[   33.113217] vivian_dpu 50200000.dpu: Turn on IRQ: 0x10000, 0xffffff7f, 0xffffffff!
Initializing CM Engine.
[   33.310925] im-pmctrl soc:im_pm_ctrl_1@1: [im_pm_ctrl_1]: tcxo level rising, high_count=1
[   33.311153] im-pmctrl soc:im_pm_ctrl_1@1: [im_pm_ctrl_1]: AI-ISP tcxo en report!
Initializing DCC engine.
[   33.532097] vivian_dpu 50360000.dpu: Turn on normal IRQ: 0x401c000 current enabled irq 0x401c000!
[   33.574555] vivian_dpu 50200000.dpu: Turn on normal IRQ: 0x401c000 current enabled irq 0x401c000!
[   33.585695] mipi-dsi 43900000.dsitx_ss: subsys power on
[   33.585866] mipi-dsi 43900000.dsitx_ss: power ctrl: on
[   33.586034] mipi-dsi 43880000.dsirx_ss: subsys power on
[   33.586225] mipi-dsi 43880000.dsirx_ss: power ctrl: on
[   56.455926] btd-pdomain btd-power-domain.8: power on pd-mipi-csi-mono
[   56.573717] btd-pdomain btd-power-domain.8: power off pd-mipi-csi-mono
[   56.582348] btd-pdomain btd-power-domain.8: power on pd-mipi-csi-mono
[   56.806807] btd-pdomain btd-power-domain.8: power off pd-mipi-csi-mono
[   56.816717] btd-pdomain btd-power-domain.8: power on pd-mipi-csi-mono
Lite RPC create 'brpc_eye_tracking_svr' success, handlelocal: 0x55586e74b0,handleap: 0x55586e76d0
[   56.923869] btd-pdomain btd-power-domain.8: power off pd-mipi-csi-mono
[   56.932629] btd-pdomain btd-power-domain.8: power on pd-mipi-csi-mono
[sstr_freadend:83][2:No such file or directory]fopen r /mnt/fuse/sched.json is error!
[cjson_new_file:418][2:No such file or directory]sstr_freadend path:/mnt/fuse/sched.json is error!
[sstr_freadend:83][2:No such file or directory]fopen r /mnt/fuse/sched.json is error!
[cjson_new_file:418][2:No such file or directory]sstr_freadend path:/mnt/fuse/sched.json is error!
[sstr_freadend:83][2:No such file or directory]fopen r /mnt/fuse/sched.json is error!
[cjson_new_file:418][2:No such file or directory]sstr_freadend path:/mnt/fuse/sched.json is error!
[sstr_freadend:83][2:No such file or directory]fopen r /mnt/fuse/sched.json is error!
[cjson_new_file:418][2:No such file or directory]sstr_freadend path:/mnt/fuse/sched.json is error!
[sstr_freadend:83][2:No such file or directory]fopen r /mnt/fuse/sched.json is error!
[cjson_new_file:418][2:No such file or directory]sstr_freadend path:/mnt/fuse/sched.json is error!
File /mnt/fuse/property.json open failed: No such file or directory
[sstr_freadend:83][2:No such file or directory]fopen r /mnt/fuse/sched.json is error!
[cjson_new_file:418][2:No such file or directory]sstr_freadend path:/mnt/fuse/sched.json is error!
[   57.133459] btd-pdomain btd-power-domain.8: power off pd-mipi-csi-mono
[   57.141745] btd-pdomain btd-power-domain.8: power on pd-mipi-csi-mono
[   57.250119] btd-pdomain btd-power-domain.8: power off pd-mipi-csi-mono
[   57.262196] btd-pdomain btd-power-domain.8: power on pd-mipi-csi-mono
[   57.469825] btd-pdomain btd-power-domain.8: power off pd-mipi-csi-mono
[   57.476531] btd-pdomain btd-power-domain.8: power on pd-mipi-csi-mono
[   57.603421] btd-pdomain btd-power-domain.8: power off pd-mipi-csi-mono
[   57.624602] btd-pdomain btd-power-domain.8: power on pd-mipi-csi-mono
[   57.833364] btd-pdomain btd-power-domain.8: power off pd-mipi-csi-mono
[   57.854550] btd-pdomain btd-power-domain.8: power on pd-mipi-csi-mono
[   58.063585] btd-pdomain btd-power-domain.8: power off pd-mipi-csi-mono
[   58.091899] btd-pdomain btd-power-domain.8: power on pd-mipi-csi-mono
[   58.301905] btd-pdomain btd-power-domain.8: power off pd-mipi-csi-mono
[   58.319573] btd-pdomain btd-power-domain.8: power on pd-mipi-csi-mono
[sstr_freadend:83][2:No such file or directory]fopen r /mnt/fuse/sched.json is error!
[cjson_new_file:418][2:No such file or directory]sstr_freadend path:/mnt/fuse/sched.json is error!
[   58.320120] sched: RT throttling activated
[   58.320123] sched: RT throttling activated
[   59.131484] btd-pdomain btd-power-domain.8: power off pd-mipi-csi-mono
[   59.148178] btd-pdomain btd-power-domain.6: power on pd-isp-rgb
[   59.277742] [SENSOR_CORE] sensor sensor_core_open client_id=1 client_name=T0C0-SensorRead
[   59.885968] [SENSOR_CORE] sensor sensor_core_direct_alloc_channel client_id=1 client_name=T0C0-SensorRead
[   59.886438] [SENSOR_CORE] sensor alloc region name=sshub_sram size=0x7000! 
[   59.887339] [SENSOR_CORE] sensor sensor_core_direct_connect_channel client_id=1 client_name=T0C0-SensorRead
[   59.887833] sensorhub_manager_send_msg: ret=0, response message cmd=1 resp=0
[   59.888315] [SENSOR_CORE] sensor sensor_core_open client_id=2 client_name=T0C0-SensorRead
[   59.888642] [SENSOR_CORE] sensor sensor_core_direct_alloc_channel client_id=2 client_name=T0C0-SensorRead
[   59.888963] [SENSOR_CORE] sensor alloc region name=sshub_ddr size=0x9d000! 
[   59.889200] [SENSOR_CORE] sensor sensor_core_direct_alloc_channel client_id=2 client_name=T0C0-SensorRead
[   59.889534] [SENSOR_CORE] sensor alloc region name=sshub_sram size=0x7000! 
[   59.895450] [SENSOR_CORE] sensor sensor_core_direct_connect_channel client_id=2 client_name=T0C0-SensorRead
[   59.895970] sensorhub_manager_send_msg: ret=0, response message cmd=1 resp=0
[   59.897747] [sensorhub] Received calibration data (*1000000): 5279 999964 -8703 -939119 8151 336311 336943 6139 937707 510 -32113 -20687
[   59.898591] [sensorhub] ACC calibration data sent
[   59.898794] [SENSOR_CORE] sensor sensor_core_direct_cfg client_id=1 client_name=T0C0-SensorRead
[   59.899100] [SENSORHUB_MANAGER] sensorhub_manager_direct_cfg: recevied direct cfg cmd: type=1, chl_id=1 client_id=1  rate=1024000, rsvd=0 0 0 0
[   59.899769] sensorhub_manager_send_msg: ret=0, response message cmd=2 resp=0
[   59.901233] [sensorhub] Received calibration data (*1000000): 3190 998807 -8682 -936764 8621 339580 334307 7080 941067 19177 9643 -5372
[   59.902192] [sensorhub] GYR calibration data sent
[   59.902417] [SENSOR_CORE] sensor sensor_core_direct_cfg client_id=1 client_name=T0C0-SensorRead
[   59.902703] [SENSORHUB_MANAGER] sensorhub_manager_direct_cfg: recevied direct cfg cmd: type=2, chl_id=1 client_id=1  rate=1024000, rsvd=0 0 0 0
[   59.903332] sensorhub_manager_send_msg: ret=0, response message cmd=2 resp=0
[   59.903621] [SENSOR_CORE] sensor sensor_core_direct_cfg client_id=2 client_name=T0C0-SensorRead
[   59.903921] [SENSORHUB_MANAGER] sensorhub_manager_direct_cfg: recevied direct cfg cmd: type=13, chl_id=3 client_id=2  rate=276480, rsvd=0 64 16666 0
[   59.904568] sensorhub_manager_send_msg: ret=0, response message cmd=2 resp=0
[   59.904841] [SENSOR_CORE] sensd sigio poll_in 
[   59.905106] [SENSOR_CORE] sensor sensor_core_direct_cfg client_id=2 client_name=T0C0-SensorRead
[   59.905414] [SENSORHUB_MANAGER] sensorhub_manager_direct_cfg: recevied direct cfg cmd: type=14, chl_id=3 client_id=2  rate=276480, rsvd=32768008 0 0 0
[   59.906005] sensorhub_manager_send_msg: ret=0, response message cmd=2 resp=0
[   59.906420] [SENSOR_CORE] sensd sigio poll_in 
[   59.907145] [INFO](lq_create): lq:flick_data_q is already created
[   61.252146] random: crng init done
[   61.261573] btd-pdomain btd-power-domain.7: power on pd-mipi-csi-tx
[   61.481376] im-pmctrl soc:im_pm_ctrl_0@0: [im_pm_ctrl_0]: isp power control power-dis start
[   61.481610] im-pmctrl soc:im_pm_ctrl_0@0: Chip im_pm_ctrl_0 power off! ref cnt 0
[   61.483981] im-pmctrl soc:im_pm_ctrl_0@0: Global dev power off. Operator im_pm_ctrl_0, ref cnt 0
[   61.484245] im-pmctrl soc:im_pm_ctrl_0@0: [im_pm_ctrl_0]: isp power control power-dis done
[   61.484531] im-pmctrl soc:im_pm_ctrl_1@1: [im_pm_ctrl_1]: tcxo level falling, high_count=0
[   61.484762] im-pmctrl soc:im_pm_ctrl_1@1: [im_pm_ctrl_1]: AI-ISP tcxo dis report!
[   61.487984] im-pmctrl soc:im_pm_ctrl_0@0: [im_pm_ctrl_0]: isp power control power-en start
[   61.490379] im-pmctrl soc:im_pm_ctrl_0@0: Global dev power on. Operator im_pm_ctrl_0, ref cnt 1
[   61.490618] im-pmctrl soc:im_pm_ctrl_0@0: [im_pm_ctrl_0]: isp power control power-en done
[   61.490899] im-pmctrl soc:im_pm_ctrl_0@0: [im_pm_ctrl_0]: tcxo level rising, high_count=1
[   61.491127] im-pmctrl soc:im_pm_ctrl_0@0: [im_pm_ctrl_0]: AI-ISP tcxo en report!
[   61.494347] im-pmctrl soc:im_pm_ctrl_1@1: [im_pm_ctrl_1]: tcxo level rising, high_count=2
[   61.494581] im-pmctrl soc:im_pm_ctrl_1@1: [im_pm_ctrl_1]: AI-ISP tcxo en report!
[   61.497800] im-pmctrl soc:im_pm_ctrl_0@0: [im_pm_ctrl_0]: isp power control reset start
[   61.498029] im-pmctrl soc:im_pm_ctrl_0@0: [im_pm_ctrl_0]: isp power control reset done
[   61.503362] im-pmctrl soc:im_pm_ctrl_0@0: [im_pm_ctrl_0]: isp power control de-reset start
[   61.513676] im-pmctrl soc:im_pm_ctrl_0@0: [im_pm_ctrl_0]: isp power control de-reset done
[   61.514328] tetras-ipcdev soc:im_ipc_0@0: ipc open command triggered
[   61.514515] [info]: ipcdev_ioctl(411): ipc read command triggered
[   61.515179] spibridge spi1.0: spi2axi tuning start
[   61.515787] spibridge spi1.0: 0 cycles ok
[   61.516450] spibridge spi1.0: 1 cycles ok
[   61.517046] spibridge spi1.0: 2 cycles ok
[   61.517602] spibridge spi1.0: 3 cycles ok
[   61.517899] spibridge spi1.0: 4 cycles skip
[   61.518208] spibridge spi1.0: 5 cycles skip
[   61.518487] spibridge spi1.0: 6 cycles skip
[   61.518758] spibridge spi1.0: 7 cycles skip
[   61.519029] spibridge spi1.0: 8 cycles skip
[   61.519412] spibridge spi1.0: 9 cycles skip
[   61.519762] spibridge spi1.0: 10 cycles skip
[   61.520038] spibridge spi1.0: 11 cycles skip
[   61.520341] spibridge spi1.0: 12 cycles skip
[   61.520649] spibridge spi1.0: 13 cycles skip
[   61.520979] spibridge spi1.0: 14 cycles skip
[   61.521302] spibridge spi1.0: 15 cycles skip
[   61.521508] spibridge spi1.0: tranning end, range from 0 to 3
[   62.472276] btd-pdomain btd-power-domain.5: power on pd-mipi-csi-rgb
[   62.491476] btd-pdomain btd-power-domain.5: power off pd-mipi-csi-rgb
[   62.746145] [info]: ipcdev_ioctl(411): ipc read command triggered
[   62.746717] tetras-ipcdev soc:im_ipc_0@0: ipc close command triggered
[   62.747082] im-pmctrl soc:im_pm_ctrl_0@0: [im_pm_ctrl_0]: isp power control power-dis start
[   62.747314] im-pmctrl soc:im_pm_ctrl_0@0: Chip im_pm_ctrl_0 power off! ref cnt 0
[   62.749571] im-pmctrl soc:im_pm_ctrl_0@0: Global dev power off. Operator im_pm_ctrl_0, ref cnt 0
[   62.749813] im-pmctrl soc:im_pm_ctrl_0@0: [im_pm_ctrl_0]: isp power control power-dis done
[   62.750096] im-pmctrl soc:im_pm_ctrl_0@0: [im_pm_ctrl_0]: tcxo level falling, high_count=1
[   62.750326] im-pmctrl soc:im_pm_ctrl_0@0: [im_pm_ctrl_0]: AI-ISP tcxo dis report!
[   62.752922] btd-pdomain btd-power-domain.6: power off pd-isp-rgb
[   62.753556] im-pmctrl soc:im_pm_ctrl_1@1: [im_pm_ctrl_1]: tcxo level falling, high_count=0
[   62.753785] im-pmctrl soc:im_pm_ctrl_1@1: [im_pm_ctrl_1]: AI-ISP tcxo dis report!
[   62.754066] [SENSOR_CORE] sensor sensor_core_direct_cfg client_id=1 client_name=T0C0-SensorRead
[   62.754371] [SENSORHUB_MANAGER] sensorhub_manager_direct_cfg: recevied direct cfg cmd: type=-1, chl_id=1 client_id=1  rate=0, rsvd=0 0 0 0
[   62.757042] sensorhub_manager_send_msg: ret=0, response message cmd=2 resp=0
[   62.757372] [SENSOR_CORE] sensor sensor_core_direct_disconnect_channel client_id=1 client_name=T0C0-SensorRead
[   62.757826] sensorhub_manager_send_msg: ret=0, response message cmd=3 resp=0
[   62.758153] [SENSOR_CORE] sensor sensor_core_direct_cfg client_id=2 client_name=T0C0-SensorRead
[   62.758496] [SENSORHUB_MANAGER] sensorhub_manager_direct_cfg: recevied direct cfg cmd: type=-1, chl_id=3 client_id=2  rate=0, rsvd=0 0 0 0
[   62.759129] sensorhub_manager_send_msg: ret=0, response message cmd=2 resp=0
[   62.759343] [SENSOR_CORE] sensd sigio poll_out 29
[   62.759516] [SENSOR_CORE] sensd sigio poll_out 29
[   62.759696] [SENSOR_CORE] sensor sensor_core_direct_disconnect_channel client_id=2 client_name=T0C0-SensorRead
[   62.760154] sensorhub_manager_send_msg: ret=0, response message cmd=3 resp=0
[   62.760550] [SENSOR_CORE] sensor_core_release client_id=1 client_name=T0C0-SensorRead 
[   62.760810] [SENSOR_CORE] sensor s_mem_buf_free chl_id=1
[   62.760968] [SENSOR_CORE] sensor client_free 
[   62.761216] [SENSOR_CORE] sensor_core_release client_id=2 client_name=T0C0-SensorRead 
[   62.761437] [SENSOR_CORE] sensor s_mem_buf_free chl_id=2
[   62.761656] [SENSOR_CORE] sensor s_mem_buf_free chl_id=3
[   62.761810] [SENSOR_CORE] sensor client_free 
[   62.765256] btd-pdomain btd-power-domain.7: power off pd-mipi-csi-tx
[   62.770792] btd-pdomain btd-power-domain.6: power on pd-isp-rgb
[   62.874183] [SENSOR_CORE] sensor sensor_core_open client_id=1 client_name=T0C1-SensorRead
[   63.480341] [SENSOR_CORE] sensor sensor_core_direct_alloc_channel client_id=1 client_name=T0C1-SensorRead
[   63.480653] [SENSOR_CORE] sensor alloc region name=sshub_sram size=0x7000! 
[   63.480974] [INFO](lq_create): lq:imu_raw_q is already created
[   63.481191] [SENSOR_CORE] sensor sensor_core_direct_connect_channel client_id=1 client_name=T0C1-SensorRead
[   63.481704] sensorhub_manager_send_msg: ret=0, response message cmd=1 resp=0
[   63.482064] [SENSOR_CORE] sensor sensor_core_open client_id=2 client_name=T0C1-SensorRead
[   63.482415] [SENSOR_CORE] sensor sensor_core_direct_alloc_channel client_id=2 client_name=T0C1-SensorRead
[   63.482752] [SENSOR_CORE] sensor alloc region name=sshub_ddr size=0x9d000! 
[   63.483021] [SENSOR_CORE] sensor sensor_core_direct_alloc_channel client_id=2 client_name=T0C1-SensorRead
[   63.483347] [SENSOR_CORE] sensor alloc region name=sshub_sram size=0x7000! 
[   63.483630] [INFO](lq_create): lq:flick_raw_q is already created
[   63.484045] [SENSOR_CORE] sensor sensor_core_direct_connect_channel client_id=2 client_name=T0C1-SensorRead
[   63.484506] sensorhub_manager_send_msg: ret=0, response message cmd=1 resp=0
[   63.485823] [sensorhub] Received calibration data (*1000000): 5279 999964 -8703 -939119 8151 336311 336943 6139 937707 510 -32113 -20687
[   63.486688] [sensorhub] ACC calibration data sent
[   63.486896] [SENSOR_CORE] sensor sensor_core_direct_cfg client_id=1 client_name=T0C1-SensorRead
[   63.487137] [SENSORHUB_MANAGER] sensorhub_manager_direct_cfg: recevied direct cfg cmd: type=1, chl_id=1 client_id=1  rate=1024000, rsvd=0 0 0 0
[   63.487781] sensorhub_manager_send_msg: ret=0, response message cmd=2 resp=0
[   63.489102] [sensorhub] Received calibration data (*1000000): 3190 998807 -8682 -936764 8621 339580 334307 7080 941067 19177 9643 -5372
[   63.489926] [sensorhub] GYR calibration data sent
[   63.490129] [SENSOR_CORE] sensor sensor_core_direct_cfg client_id=1 client_name=T0C1-SensorRead
[   63.490369] [SENSORHUB_MANAGER] sensorhub_manager_direct_cfg: recevied direct cfg cmd: type=2, chl_id=1 client_id=1  rate=1024000, rsvd=0 0 0 0
[   63.490994] sensorhub_manager_send_msg: ret=0, response message cmd=2 resp=0
[   63.491273] [SENSOR_CORE] sensor sensor_core_direct_cfg client_id=2 client_name=T0C1-SensorRead
[   63.491514] [SENSORHUB_MANAGER] sensorhub_manager_direct_cfg: recevied direct cfg cmd: type=13, chl_id=3 client_id=2  rate=276480, rsvd=0 64 16666 0
[   63.492262] sensorhub_manager_send_msg: ret=0, response message cmd=2 resp=0
[   63.492475] [SENSOR_CORE] sensd sigio poll_in 
[   63.492734] [SENSOR_CORE] sensor sensor_core_direct_cfg client_id=2 client_name=T0C1-SensorRead
[   63.493113] [SENSORHUB_MANAGER] sensorhub_manager_direct_cfg: recevied direct cfg cmd: type=14, chl_id=3 client_id=2  rate=276480, rsvd=32768008 0 0 0
[   63.493669] sensorhub_manager_send_msg: ret=0, response message cmd=2 resp=0
[   63.493907] [SENSOR_CORE] sensd sigio poll_in 
[   63.517255] btd-pdomain btd-power-domain.7: power on pd-mipi-csi-tx
[   63.736793] im-pmctrl soc:im_pm_ctrl_1@1: [im_pm_ctrl_1]: isp power control power-dis start
[   63.737173] im-pmctrl soc:im_pm_ctrl_1@1: [im_pm_ctrl_1]: isp power control power-dis done
[   63.737488] im-pmctrl soc:im_pm_ctrl_1@1: [im_pm_ctrl_1]: isp power control power-en start
[   63.739763] im-pmctrl soc:im_pm_ctrl_1@1: Global dev power on. Operator im_pm_ctrl_1, ref cnt 1
[   63.740102] im-pmctrl soc:im_pm_ctrl_1@1: [im_pm_ctrl_1]: isp power control power-en done
[   63.740373] im-pmctrl soc:im_pm_ctrl_1@1: [im_pm_ctrl_1]: tcxo level rising, high_count=1
[   63.740602] im-pmctrl soc:im_pm_ctrl_1@1: [im_pm_ctrl_1]: AI-ISP tcxo en report!
[   63.743822] im-pmctrl soc:im_pm_ctrl_1@1: [im_pm_ctrl_1]: isp power control reset start
[   63.744050] im-pmctrl soc:im_pm_ctrl_1@1: [im_pm_ctrl_1]: isp power control reset done
[   63.749405] im-pmctrl soc:im_pm_ctrl_1@1: [im_pm_ctrl_1]: isp power control de-reset start
[   63.759643] im-pmctrl soc:im_pm_ctrl_1@1: [im_pm_ctrl_1]: isp power control de-reset done
[   63.760370] tetras-ipcdev soc:im_ipc_1@1: ipc open command triggered
[   63.760558] [info]: ipcdev_ioctl(411): ipc read command triggered
[   63.761184] spibridge spi0.0: spi2axi tuning start
[   63.761781] spibridge spi0.0: 0 cycles ok
[   63.762300] spibridge spi0.0: 1 cycles ok
[   63.762874] spibridge spi0.0: 2 cycles ok
[   63.763456] spibridge spi0.0: 3 cycles ok
[   63.763724] spibridge spi0.0: 4 cycles skip
[   63.763995] spibridge spi0.0: 5 cycles skip
[   63.764428] spibridge spi0.0: 6 cycles skip
[   63.764705] spibridge spi0.0: 7 cycles skip
[   63.764978] spibridge spi0.0: 8 cycles skip
[   63.765267] spibridge spi0.0: 9 cycles skip
[   63.765576] spibridge spi0.0: 10 cycles skip
[   63.765889] spibridge spi0.0: 11 cycles skip
[   63.766163] spibridge spi0.0: 12 cycles skip
[   63.766531] spibridge spi0.0: 13 cycles skip
[   63.766807] spibridge spi0.0: 14 cycles skip
[   63.767080] spibridge spi0.0: 15 cycles skip
[   63.767357] spibridge spi0.0: tranning end, range from 0 to 3
[   64.726109] btd-pdomain btd-power-domain.5: power on pd-mipi-csi-rgb
[   64.745985] btd-pdomain btd-power-domain.5: power off pd-mipi-csi-rgb
[   64.991864] [info]: ipcdev_ioctl(411): ipc read command triggered
[   64.992350] tetras-ipcdev soc:im_ipc_1@1: ipc close command triggered
[   64.992668] im-pmctrl soc:im_pm_ctrl_1@1: [im_pm_ctrl_1]: isp power control power-dis start
[   64.992971] im-pmctrl soc:im_pm_ctrl_1@1: Chip im_pm_ctrl_1 power off! ref cnt 0
[   64.995221] im-pmctrl soc:im_pm_ctrl_1@1: Global dev power off. Operator im_pm_ctrl_1, ref cnt 0
[   64.995500] im-pmctrl soc:im_pm_ctrl_1@1: [im_pm_ctrl_1]: isp power control power-dis done
[   64.995777] im-pmctrl soc:im_pm_ctrl_1@1: [im_pm_ctrl_1]: tcxo level falling, high_count=0
[   64.996009] im-pmctrl soc:im_pm_ctrl_1@1: [im_pm_ctrl_1]: AI-ISP tcxo dis report!
[   64.998543] btd-pdomain btd-power-domain.6: power off pd-isp-rgb
[   65.000909] [SENSOR_CORE] sensor sensor_core_direct_cfg client_id=1 client_name=T0C1-SensorRead
[   65.001156] [SENSORHUB_MANAGER] sensorhub_manager_direct_cfg: recevied direct cfg cmd: type=-1, chl_id=1 client_id=1  rate=0, rsvd=0 0 0 0
[   65.001868] sensorhub_manager_send_msg: ret=0, response message cmd=2 resp=0
[   65.002205] [SENSOR_CORE] sensor sensor_core_direct_disconnect_channel client_id=1 client_name=T0C1-SensorRead
[   65.002608] sensorhub_manager_send_msg: ret=0, response message cmd=3 resp=0
[   65.002901] [SENSOR_CORE] sensor sensor_core_direct_cfg client_id=2 client_name=T0C1-SensorRead
[   65.003261] [SENSORHUB_MANAGER] sensorhub_manager_direct_cfg: recevied direct cfg cmd: type=-1, chl_id=3 client_id=2  rate=0, rsvd=0 0 0 0
[   65.003844] sensorhub_manager_send_msg: ret=0, response message cmd=2 resp=0
[   65.004057] [SENSOR_CORE] sensd sigio poll_out 29
[   65.004351] [SENSOR_CORE] sensd sigio poll_out 29
[   65.004570] [SENSOR_CORE] sensor sensor_core_direct_disconnect_channel client_id=2 client_name=T0C1-SensorRead
[   65.004968] sensorhub_manager_send_msg: ret=0, response message cmd=3 resp=0
[   65.005326] [SENSOR_CORE] sensor_core_release client_id=1 client_name=T0C1-SensorRead 
[   65.005548] [SENSOR_CORE] sensor s_mem_buf_free chl_id=1
[   65.005773] [SENSOR_CORE] sensor client_free 
[   65.005992] [SENSOR_CORE] sensor_core_release client_id=2 client_name=T0C1-SensorRead 
[   65.006213] [SENSOR_CORE] sensor s_mem_buf_free chl_id=2
[   65.006369] [SENSOR_CORE] sensor s_mem_buf_free chl_id=3
[   65.006570] [SENSOR_CORE] sensor client_free 
[   65.009636] btd-pdomain btd-power-domain.7: power off pd-mipi-csi-tx
try connect Et event server
Local event server Et connected
Remote event server et connected
[  121.915195] btd-pdomain btd-power-domain.8: power on pd-mipi-csi-mono
[  122.155079] gen_pool_heap: dmabuf is not allocated from the generic pool heap
[  122.155289] gen_pool_heap: dmabuf is not allocated from the generic pool heap
[  122.155487] sharedata: dmabuf-controller_data is not allocated from the generic pool heap
[  122.575879] gen_pool_heap: dmabuf is not allocated from the generic pool heap
[  122.576173] gen_pool_heap: dmabuf is not allocated from the generic pool heap
[  122.576378] sharedata: dmabuf-head_sensor is not allocated from the generic pool heap
[  122.576974] gen_pool_heap: dmabuf is not allocated from the generic pool heap
[  122.577176] gen_pool_heap: dmabuf is not allocated from the generic pool heap
[  122.577378] sharedata: dmabuf-controller_sensor is not allocated from the generic pool heap
[  122.765147] [SENSOR_CORE] sensor sensor_core_open client_id=1 client_name=ap_sensor_servi
[  122.765466] [SENSOR_CORE] sensor sensor_core_direct_alloc_channel client_id=1 client_name=ap_sensor_servi
[  122.765737] [SENSOR_CORE] sensor alloc region name=sshub_ddr size=0x9d000! 
[  122.765961] [SENSOR_CORE] sensor sensor_core_direct_alloc_channel client_id=1 client_name=ap_sensor_servi
[  122.766229] [SENSOR_CORE] sensor alloc region name=sshub_sram size=0x7000! 
[  122.766575] [INFO](lq_create): lq:flick_raw_q is already created
[  122.766857] [SENSOR_CORE] sensor sensor_core_direct_connect_channel client_id=1 client_name=ap_sensor_servi
[  122.767292] sensorhub_manager_send_msg: ret=0, response message cmd=1 resp=0
WARNING: Logging before InitGoogleLogging() is written to STDERR
I0318 02:17:05.040997   408 mem_manager.cc:17] NPU npu_buffer 0 opened
I0318 02:17:05.046474   408 unified_driver.cc:286] Powering on NPU, and PID is 239
I0318 02:17:05.046979   408 unified_driver.cc:302] Monitor initialization is not open
[  122.777571] btd-pdomain btd-power-domain.1: power on pd-npu
[  122.819030] [SENSOR_CORE] sensor sensor_core_direct_cfg client_id=1 client_name=ap_sensor_servi
[  122.819279] [SENSORHUB_MANAGER] sensorhub_manager_direct_cfg: recevied direct cfg cmd: type=13, chl_id=2 client_id=1  rate=276480, rsvd=0 0 0 0
[  122.819859] sensorhub_manager_send_msg: ret=0, response message cmd=2 resp=0
[  122.820070] [SENSOR_CORE] sensd sigio poll_in 
[  122.864405] [SENSOR_CORE] sensor sensor_core_direct_cfg client_id=1 client_name=ap_sensor_servi
[  122.864655] [SENSORHUB_MANAGER] sensorhub_manager_direct_cfg: recevied direct cfg cmd: type=14, chl_id=2 client_id=1  rate=276480, rsvd=0 0 0 0
[  122.865193] sensorhub_manager_send_msg: ret=0, response message cmd=2 resp=0
[  122.865394] [SENSOR_CORE] sensd sigio poll_in 
[  123.408640] [SENSOR_CORE] sensor sensor_core_direct_cfg client_id=1 client_name=ap_sensor_servi
[  123.408894] [SENSORHUB_MANAGER] sensorhub_manager_direct_cfg: recevied direct cfg cmd: type=-1, chl_id=2 client_id=1  rate=0, rsvd=0 0 0 0
[  123.409508] sensorhub_manager_send_msg: ret=0, response message cmd=2 resp=0
[  123.409737] [SENSOR_CORE] sensd sigio poll_out 29
[  123.409881] [SENSOR_CORE] sensd sigio poll_out 29
[  123.415957] [SENSOR_CORE] sensor sensor_core_direct_disconnect_channel client_id=1 client_name=ap_sensor_servi
[  123.416408] sensorhub_manager_send_msg: ret=0, response message cmd=3 resp=0
[  123.416700] [SENSOR_CORE] sensor_core_release client_id=1 client_name=ap_sensor_servi 
[  123.416925] [SENSOR_CORE] sensor s_mem_buf_free chl_id=1
[  123.417086] [SENSOR_CORE] sensor s_mem_buf_free chl_id=2
[  123.417245] [SENSOR_CORE] sensor client_free 
[  123.469437] vivian_dpu 50360000.dpu: Disable all IRQs!
[  123.469691] vivian_dpu 50200000.dpu: Disable all IRQs!
[  123.469902] btd-pdomain btd-power-domain.4: power off pd-dpu
[  123.480498] mipi-dsi 43900000.dsitx_ss: subsys power off
[  123.480660] btd-pdomain btd-power-domain.3: power off pd-mipi-dsi-tx
[  123.480870] mipi-dsi 43900000.dsitx_ss: power ctrl: off
[  123.481043] mipi-dsi 43880000.dsirx_ss: subsys power off
[  123.481199] btd-pdomain btd-power-domain.2: power off pd-mipi-dsi-rx
[  123.481396] mipi-dsi 43880000.dsirx_ss: got unknown irq
[  123.481404] mipi-dsi 43880000.dsirx_ss: power ctrl: off

AP UTC TIME:2026-03-18-02-17-51, reset cnt:0
6] im-pmctrl soc:im_pm_ctrl_0@0: [im_pm_ctrl_0]: isp power control power-dis start
[   32.095887] im-pmctrl soc:im_pm_ctrl_0@0: [im_pm_ctrl_0]: isp power control power-dis done
Specified device does not exist.
open /dev/socbridge_spi2axi_0 failed!
[   32.099839] im-pmctrl soc:im_pm_ctrl_0@0: [im_pm_ctrl_0]: isp power control power-en start
[   32.102093] im-pmctrl soc:im_pm_ctrl_0@0: Global dev power on. Operator im_pm_ctrl_0, ref cnt 1
[   32.102327] im-pmctrl soc:im_pm_ctrl_0@0: [im_pm_ctrl_0]: isp power control power-en done
[   32.107989] Spi_bridge Driver Version:1.5.1
[   32.108215] spibridge spi0.0: transfer-slice-size not specified, using default
[   32.108414] spibridge spi0.0: SPI bridge transfer slice size: 2097152
[   32.113747] spibridge spi0.0: ls_bridge2axi reset success.
[   32.114035] spibridge spi0.0: spi2axi tuning start
[   32.114329] spibridge spi0.0: 0 cycles skip
[   32.114555] spibridge spi0.0: 1 cycles skip
[   32.114781] spibridge spi0.0: 2 cycles skip
[   32.115007] spibridge spi0.0: 3 cycles skip
[   32.115233] spibridge spi0.0: 4 cycles skip
[   32.115459] spibridge spi0.0: 5 cycles skip
[   32.115685] spibridge spi0.0: 6 cycles skip
[   32.115911] spibridge spi0.0: 7 cycles skip
[   32.116137] spibridge spi0.0: 8 cycles skip
[   32.116362] spibridge spi0.0: 9 cycles skip
[   32.116589] spibridge spi0.0: 10 cycles skip
[   32.116843] spibridge spi0.0: 11 cycles skip
[   32.117081] spibridge spi0.0: 12 cycles skip
[   32.117311] spibridge spi0.0: 13 cycles skip
[   32.117539] spibridge spi0.0: 14 cycles skip
[   32.117768] spibridge spi0.0: 15 cycles skip
[   32.117944] spibridge spi0.0: spi tuning failed
[   32.118071] spibridge spi0.0: using SPI
[   32.118340] spibridge spi0.0: Spi2axi glb csr 0x0
[   32.118561] spibridge spi0.0: spibridge_set_max_transfer_chunk transfer slice size: 2097152
[   32.119392] Device socbridge_spi2axi_1@(____ptrval____) registered to socbridge successfully
[   32.119622] spibridge spi0.0: Device registered done
[   32.119907] Spi_bridge Driver Version:1.5.1
[   32.120109] spibridge spi1.0: transfer-slice-size not specified, using default
[   32.120307] spibridge spi1.0: SPI bridge transfer slice size: 2097152
[   32.125644] spibridge spi1.0: ls_bridge2axi reset success.
[   32.125921] spibridge spi1.0: spi2axi tuning start
[   32.126221] spibridge spi1.0: 0 cycles skip
[   32.126458] spibridge spi1.0: 1 cycles skip
[   32.126695] spibridge spi1.0: 2 cycles skip
[   32.126922] spibridge spi1.0: 3 cycles skip
[   32.127149] spibridge spi1.0: 4 cycles skip
[   32.127374] spibridge spi1.0: 5 cycles skip
[   32.127600] spibridge spi1.0: 6 cycles skip
[   32.127825] spibridge spi1.0: 7 cycles skip
[   32.128051] spibridge spi1.0: 8 cycles skip
[   32.128275] spibridge spi1.0: 9 cycles skip
[   32.128502] spibridge spi1.0: 10 cycles skip
[   32.128746] spibridge spi1.0: 11 cycles skip
[   32.128977] spibridge spi1.0: 12 cycles skip
[   32.129205] spibridge spi1.0: 13 cycles skip
[   32.129433] spibridge spi1.0: 14 cycles skip
[   32.129660] spibridge spi1.0: 15 cycles skip
[   32.129838] spibridge spi1.0: spi tuning failed
[   32.129964] spibridge spi1.0: using SPI
[   32.130232] spibridge spi1.0: Spi2axi glb csr 0x0
[   32.130450] spibridge spi1.0: spibridge_set_max_transfer_chunk transfer slice size: 2097152
[   32.131272] Device socbridge_spi2axi_0@(____ptrval____) registered to socbridge successfully
[   32.131501] spibridge spi1.0: Device registered done
[   32.136771] btd_vivian-pinctrl 400.pinctrl: btd_pmx_set_mux: func[0] group[6]
[   32.137033] Ipc Driver Version:1.4.8
[   32.137168] tetras-ipcdev soc:im_ipc_0@0: fail to get ipc reg from dts!
[   32.137349] tetras-ipcdev soc:im_ipc_0@0: ipc dev id 0
[   32.137497] Scan socbridge device: socbridge_spi2axi_1@(____ptrval____)
[   32.137675] Scan socbridge device: socbridge_spi2axi_0@(____ptrval____)
[   32.137855] im_ipc_0 found matching socbridge device socbridge_spi2axi_0@(____ptrval____)
[   32.138075] tetras-ipcdev soc:im_ipc_0@0: ipc bridge (____ptrval____)
[   32.138816] btd_vivian-pinctrl 400.pinctrl: btd_pmx_set_mux: func[0] group[7]
[   32.139064] Ipc Driver Version:1.4.8
[   32.139196] tetras-ipcdev soc:im_ipc_1@1: fail to get ipc reg from dts!
[   32.139376] tetras-ipcdev soc:im_ipc_1@1: ipc dev id 1
[   32.139521] Scan socbridge device: socbridge_spi2axi_1@(____ptrval____)
[   32.139700] im_ipc_1 found matching socbridge device socbridge_spi2axi_1@(____ptrval____)
[   32.139920] tetras-ipcdev soc:im_ipc_1@1: ipc bridge (____ptrval____)
cp: can't stat '/mnt/fuse/calibration/current/pvr/imu_temp_bias.txt': No such file or directory
[   32.711203] resume the power domain device: 40919000.camera_mcu
[   32.711399] Before power on STAR1_SW_IRQ = 0x00000000
[   32.711858] using cameraFirmware-0x8.bin Success
[   32.712516] using configData-0x8.bin Success
[   32.714377] Before cpu wait STAR1_SW_IRQ = 0x00000000
[   32.714641] After config initdone STAR1_SW_IRQ = 0x00000000
[   32.715019] firmware download to device: 40919000.camera_mcu done.
[   32.715200] camera mcu device opened, ret:0.
/mnt/fuse/camera/imx611_calibration.bin: OK
[sstr_freadend:83][2:No such file or directory]fopen r /mnt/fuse/sched.json is error!
[cjson_new_file:418][2:No such file or directory]sstr_freadend path:/mnt/fuse/sched.json is error!
[   32.857306] btd-pdomain btd-power-domain.4: power on pd-dpu
[   32.857765] vivian_dpu 50360000.dpu: Turn on IRQ: 0x10000, 0xffffff7f, 0xffffffff!
Initializing CM Engine.
[   32.864550] [SENSOR_CORE] sensor sensor_core_open client_id=0 client_name=flick_data_serv
LogPrint Level INFO
[sstr_freadend:83][2:No such file or directory]fopen r /mnt/fuse/sched.json is error!
[cjson_new_file:418][2:No such file or directory]sstr_freadend path:/mnt/fuse/sched.json is error!
[   32.897471] te 40200000.te600: clk not specified, assume fixed clock
[   32.897760] KERNEL  te_drv_init...
[   32.897769] KERNEL  host[2] waits sw_init_done...
[   32.899867] KERNEL  [DONE]
[   32.900872] KERNEL  slotgovernor[hash]: short slot( 0 ~ 8 ), total: 8
[   32.901050] KERNEL  slotgovernor[hash]: long slot( 8 ~ 16 ), total: 8
[   32.901360] KERNEL  slotgovernor[sca]: short slot( 0 ~ 8 ), total: 8
[   32.901664] KERNEL  slotgovernor[sca]: long slot( 8 ~ 16 ), total: 8
[   32.902058] KERNEL  SRAM Pool Base: 0x80000000, size: 0x2000, alignment: 0x10
[   32.902065] KERNEL  ACA Async Thread Start...
[   32.902257] KERNEL   ACA driver init success!
[   32.902618] te 40200000.te600: Registered xts-aes-te
[   32.902865] te 40200000.te600: Registered xts-sm4-te
[   32.903147] te 40200000.te600: Registered ctr-aes-te
[   32.903558] te 40200000.te600: Registered ctr-sm4-te
[   32.903814] te 40200000.te600: Registered ofb-aes-te
[   32.904071] te 40200000.te600: Registered ofb-sm4-te
[   32.904320] te 40200000.te600: Registered cbc-aes-te
[   32.904564] te 40200000.te600: Registered cbc-sm4-te
[   32.904913] te 40200000.te600: Registered ecb-aes-te
[   32.905334] te 40200000.te600: Registered ecb-sm4-te
[   32.905590] te 40200000.te600: Registered cbc-des-te
[   32.905842] te 40200000.te600: Registered cbc-3des-te
[   32.906100] te 40200000.te600: Registered ecb-des-te
[   32.906414] te 40200000.te600: Registered ecb-3des-te
[   32.906666] te 40200000.te600: Registered hmac-md5-te
[   32.907023] te 40200000.te600: Registered hmac-sha1-te
[   32.907379] te 40200000.te600: Registered hmac-sha224-te
[   32.907739] te 40200000.te600: Registered hmac-sha256-te
[   32.908107] te 40200000.te600: Registered hmac-sha384-te
[   32.908470] te 40200000.te600: Registered hmac-sha512-te
[   32.909215] te 40200000.te600: Registered hmac-sm3-te
[   32.910957] te 40200000.te600: Registered ccm-aes-te
[   32.911398] te 40200000.te600: Registered ccm-sm4-te
[   32.911645] te 40200000.te600: Registered gcm-aes-te
[   32.912027] te 40200000.te600: Registered gcm-sm4-te
[   32.912277] te 40200000.te600: Registered rsa-te
[   32.912656] te 40200000.te600: Registered dh-te
[   32.913415] te 40200000.te600: Registered ecdh-te
[   32.913576] te 40200000.te600: Arm China te device initialized
[   33.025399] hotplug_drv hmd-hotplug: hmd state=2 (presnt=0, plugout=0)
OK
ddr_daemon exit!
[   33.133081] DFX_IRQ_MON: IRQs-off detector enabled with threshold: 10000000 ns
[   33.133558] DFX_IRQ_MON: IRQ handler latency detector enabled with threshold: 1000000 ns
# Initializing DCC engine.
[   33.218407] vivian_dpu 50200000.dpu: Turn on IRQ: 0x10000, 0xffffff7f, 0xffffffff!
Initializing CM Engine.
[   33.385547] im-pmctrl soc:im_pm_ctrl_1@1: [im_pm_ctrl_1]: tcxo level rising, high_count=1
[   33.385776] im-pmctrl soc:im_pm_ctrl_1@1: [im_pm_ctrl_1]: AI-ISP tcxo en report!
Initializing DCC engine.
[   33.630266] vivian_dpu 50360000.dpu: Turn on normal IRQ: 0x401c000 current enabled irq 0x401c000!
[   33.670516] vivian_dpu 50200000.dpu: Turn on normal IRQ: 0x401c000 current enabled irq 0x401c000!
[   33.987114] mipi-dsi 43900000.dsitx_ss: subsys power on
[   33.987292] mipi-dsi 43900000.dsitx_ss: power ctrl: on
[   33.987460] mipi-dsi 43880000.dsirx_ss: subsys power on
[   33.987616] mipi-dsi 43880000.dsirx_ss: power ctrl: on
[   34.655642] btd-pdomain btd-power-domain.8: power on pd-mipi-csi-mono
[   34.765339] btd-pdomain btd-power-domain.8: power off pd-mipi-csi-mono
[   34.774503] btd-pdomain btd-power-domain.8: power on pd-mipi-csi-mono
Lite RPC create 'brpc_eye_tracking_svr' success, handlelocal: 0x556ffd76f0,handleap: 0x556ffd7910
[sstr_freadend:83][2:No such file or directory]fopen r /mnt/fuse/sched.json is error!
[cjson_new_file:418][2:No such file or directory]sstr_freadend path:/mnt/fuse/sched.json is error!
[sstr_freadend:83][2:No such file or directory]fopen r /mnt/fuse/sched.json is error!
[cjson_new_file:418][2:No such file or directory]sstr_freadend path:/mnt/fuse/sched.json is error!
[sstr_freadend:83][2:No such file or directory]fopen r /mnt/fuse/sched.json is error!
[cjson_new_file:418][2:No such file or directory]sstr_freadend path:/mnt/fuse/sched.json is error!
[sstr_freadend:83][2:No such file or directory]fopen r /mnt/fuse/sched.json is error!
[cjson_new_file:418][2:No such file or directory]sstr_freadend path:/mnt/fuse/sched.json is error!
[sstr_freadend:83][2:No such file or directory]fopen r /mnt/fuse/sched.json is error!
[cjson_new_file:418][2:No such file or directory]sstr_freadend path:/mnt/fuse/sched.json is error!
property_read
	 key: ro.pxr.externalfunc, value: 1
[sstr_freadend:83][2:No such file or directory]fopen r /mnt/fuse/sched.json is error!
[cjson_new_file:418][2:No such file or directory]sstr_freadend path:/mnt/fuse/sched.json is error!
[   34.998041] btd-pdomain btd-power-domain.8: power off pd-mipi-csi-mono
[   35.006394] btd-pdomain btd-power-domain.8: power on pd-mipi-csi-mono
[   35.106250] btd-pdomain btd-power-domain.8: power off pd-mipi-csi-mono
[   35.112650] btd-pdomain btd-power-domain.8: power on pd-mipi-csi-mono
[   35.297321] btd-pdomain btd-power-domain.8: power off pd-mipi-csi-mono
[   35.308437] btd-pdomain btd-power-domain.8: power on pd-mipi-csi-mono
[   35.410875] btd-pdomain btd-power-domain.8: power off pd-mipi-csi-mono
[   35.418550] btd-pdomain btd-power-domain.8: power on pd-mipi-csi-mono
[   35.606883] btd-pdomain btd-power-domain.8: power off pd-mipi-csi-mono
[   35.623475] btd-pdomain btd-power-domain.8: power on pd-mipi-csi-mono
[   35.744335] btd-pdomain btd-power-domain.8: power off pd-mipi-csi-mono
[   35.764691] btd-pdomain btd-power-domain.8: power on pd-mipi-csi-mono
[   35.952394] btd-pdomain btd-power-domain.8: power off pd-mipi-csi-mono
[   35.974039] btd-pdomain btd-power-domain.8: power on pd-mipi-csi-mono
[   36.162371] btd-pdomain btd-power-domain.8: power off pd-mipi-csi-mono
[   36.185791] btd-pdomain btd-power-domain.8: power on pd-mipi-csi-mono
[   36.376281] btd-pdomain btd-power-domain.8: power off pd-mipi-csi-mono
[   36.387998] btd-pdomain btd-power-domain.8: power on pd-mipi-csi-mono
[   36.596710] sched: RT throttling activated
[sstr_freadend:83][2:No such file or directory]fopen r /mnt/fuse/sched.json is error!
[cjson_new_file:418][2:No such file or directory]sstr_freadend path:/mnt/fuse/sched.json is error!
try connect Et event server
Local event server Et connected
[   36.619932] gen_pool_heap: dmabuf is not allocated from the generic pool heap
[   36.620149] gen_pool_heap: dmabuf is not allocated from the generic pool heap
[   36.620353] sharedata: dmabuf-head_sensor is not allocated from the generic pool heap
[   36.620489] [SENSOR_CORE] sensor sensor_core_open client_id=1 client_name=ap_sensor_servi
Remote event server et connected
[   36.620902] [SENSOR_CORE] sensor sensor_core_direct_alloc_channel client_id=1 client_name=ap_sensor_servi
[   36.621117] gen_pool_heap: dmabuf is not allocated from the generic pool heap
[   36.621369] gen_pool_heap: dmabuf is not allocated from the generic pool heap
[   36.621470] [SENSOR_CORE] sensor alloc region name=sshub_ddr size=0x9d000! 
[   36.621566] sharedata: dmabuf-controller_sensor is not allocated from the generic pool heap
[   36.621775] [SENSOR_CORE] sensor sensor_core_direct_alloc_channel client_id=1 client_name=ap_sensor_servi
[   36.622230] [SENSOR_CORE] sensor alloc region name=sshub_sram size=0x7000! 
[   36.623128] [SENSOR_CORE] sensor sensor_core_direct_connect_channel client_id=1 client_name=ap_sensor_servi
[   36.623862] sensorhub_manager_send_msg: ret=0, response message cmd=1 resp=0
[   36.625043] [SENSOR_CORE] sensor sensor_core_direct_disconnect_channel client_id=1 client_name=ap_sensor_servi
[   36.625456] sensorhub_manager_send_msg: ret=0, response message cmd=3 resp=0
[   36.625719] [SENSOR_CORE] sensor_core_release client_id=1 client_name=ap_sensor_servi 
[   36.625948] [SENSOR_CORE] sensor s_mem_buf_free chl_id=1
[   36.626112] [SENSOR_CORE] sensor s_mem_buf_free chl_id=2
[   36.626277] [SENSOR_CORE] sensor client_free 
[   36.935874] gen_pool_heap: dmabuf is not allocated from the generic pool heap
[   36.936116] gen_pool_heap: dmabuf is not allocated from the generic pool heap
[   36.936323] sharedata: dmabuf-controller_data is not allocated from the generic pool heap
[   37.178764] btd-pdomain btd-power-domain.6: power on pd-isp-rgb
[   37.303084] [SENSOR_CORE] sensor sensor_core_open client_id=1 client_name=T0C0-SensorRead
[   37.561844] gen_pool_heap: dmabuf is not allocated from the generic pool heap
[   37.562087] gen_pool_heap: dmabuf is not allocated from the generic pool heap
[   37.562311] sharedata: dmabuf-TRACKING is not allocated from the generic pool heap
[   37.579332] [SENSOR_CORE] sensor sensor_core_open client_id=2 client_name=TrackingService
[   37.630751] [SENSOR_CORE] sensor sensor_core_open client_id=3 client_name=ap_sensor_servi
[   37.631034] [SENSOR_CORE] sensor sensor_core_direct_alloc_channel client_id=3 client_name=ap_sensor_servi
[   37.631296] [SENSOR_CORE] sensor alloc region name=sshub_ddr size=0x9d000! 
[   37.631508] [SENSOR_CORE] sensor sensor_core_direct_alloc_channel client_id=3 client_name=ap_sensor_servi
[   37.631768] [SENSOR_CORE] sensor alloc region name=sshub_sram size=0x7000! 
[   37.632008] [INFO](lq_create): lq:flick_raw_q is already created
[   37.632273] [SENSOR_CORE] sensor sensor_core_direct_connect_channel client_id=3 client_name=ap_sensor_servi
[   37.632749] sensorhub_manager_send_msg: ret=0, response message cmd=1 resp=0
[   37.634182] [SENSOR_CORE] sensor sensor_core_direct_disconnect_channel client_id=3 client_name=ap_sensor_servi
[   37.634578] sensorhub_manager_send_msg: ret=0, response message cmd=3 resp=0
[   37.634833] [SENSOR_CORE] sensor_core_release client_id=3 client_name=ap_sensor_servi 
[   37.635057] [SENSOR_CORE] sensor s_mem_buf_free chl_id=1
[   37.635212] [SENSOR_CORE] sensor s_mem_buf_free chl_id=2
[   37.635365] [SENSOR_CORE] sensor client_free 
[   37.912079] [SENSOR_CORE] sensor sensor_core_direct_alloc_channel client_id=1 client_name=T0C0-SensorRead
[   37.912369] [SENSOR_CORE] sensor alloc region name=sshub_sram size=0x7000! 
[   37.913278] [SENSOR_CORE] sensor sensor_core_direct_connect_channel client_id=1 client_name=T0C0-SensorRead
[   37.913869] sensorhub_manager_send_msg: ret=0, response message cmd=1 resp=0
[   37.914273] [SENSOR_CORE] sensor sensor_core_open client_id=3 client_name=T0C0-SensorRead
[   37.914587] [SENSOR_CORE] sensor sensor_core_direct_alloc_channel client_id=3 client_name=T0C0-SensorRead
[   37.914856] [SENSOR_CORE] sensor alloc region name=sshub_ddr size=0x9d000! 
[   37.915073] [SENSOR_CORE] sensor sensor_core_direct_alloc_channel client_id=3 client_name=T0C0-SensorRead
[   37.915338] [SENSOR_CORE] sensor alloc region name=sshub_sram size=0x7000! 
[   37.915680] [INFO](lq_create): lq:flick_raw_q is already created
[   37.920927] [SENSOR_CORE] sensor sensor_core_direct_connect_channel client_id=3 client_name=T0C0-SensorRead
[   37.921453] sensorhub_manager_send_msg: ret=0, response message cmd=1 resp=0
[   37.923374] [sensorhub] Received calibration data (*1000000): 5279 999964 -8703 -939119 8151 336311 336943 6139 937707 510 -32113 -20687
[   37.924414] [sensorhub] ACC calibration data sent
[   37.924611] [SENSOR_CORE] sensor sensor_core_direct_cfg client_id=1 client_name=T0C0-SensorRead
[   37.924900] [SENSORHUB_MANAGER] sensorhub_manager_direct_cfg: recevied direct cfg cmd: type=1, chl_id=1 client_id=1  rate=1024000, rsvd=0 0 0 0
[   37.925602] sensorhub_manager_send_msg: ret=0, response message cmd=2 resp=0
[   37.927395] [sensorhub] Received calibration data (*1000000): 3190 998807 -8682 -936764 8621 339580 334307 7080 941067 19177 9643 -5372
[   37.928439] [sensorhub] GYR calibration data sent
[   37.928633] [SENSOR_CORE] sensor sensor_core_direct_cfg client_id=1 client_name=T0C0-SensorRead
[   37.929043] [SENSORHUB_MANAGER] sensorhub_manager_direct_cfg: recevied direct cfg cmd: type=2, chl_id=1 client_id=1  rate=1024000, rsvd=0 0 0 0
[   37.929724] sensorhub_manager_send_msg: ret=0, response message cmd=2 resp=0
[   37.930095] [SENSOR_CORE] sensor sensor_core_direct_cfg client_id=3 client_name=T0C0-SensorRead
[   37.930347] [SENSORHUB_MANAGER] sensorhub_manager_direct_cfg: recevied direct cfg cmd: type=13, chl_id=3 client_id=3  rate=276480, rsvd=0 64 16666 0
[   37.930964] sensorhub_manager_send_msg: ret=0, response message cmd=2 resp=0
[   37.934055] [SENSOR_CORE] sensd sigio poll_in 
[   37.934345] [SENSOR_CORE] sensor sensor_core_direct_cfg client_id=3 client_name=T0C0-SensorRead
[   37.934594] [SENSORHUB_MANAGER] sensorhub_manager_direct_cfg: recevied direct cfg cmd: type=14, chl_id=3 client_id=3  rate=276480, rsvd=32768008 0 0 0
[   37.935248] sensorhub_manager_send_msg: ret=0, response message cmd=2 resp=0
[   37.935622] [SENSOR_CORE] sensd sigio poll_in 
[   38.038722] vivian_dpu 50360000.dpu: Disable all IRQs!
[   38.038990] vivian_dpu 50200000.dpu: Disable all IRQs!
[   38.039207] btd-pdomain btd-power-domain.4: power off pd-dpu
[   38.049830] mipi-dsi 43900000.dsitx_ss: subsys power off
[   38.050013] btd-pdomain btd-power-domain.3: power off pd-mipi-dsi-tx
[   38.050247] mipi-dsi 43900000.dsitx_ss: power ctrl: off
[   38.050426] mipi-dsi 43880000.dsirx_ss: subsys power off
[   38.050586] btd-pdomain btd-power-domain.2: power off pd-mipi-dsi-rx
[   38.050793] mipi-dsi 43880000.dsirx_ss: got unknown irq
[   38.050797] mipi-dsi 43880000.dsirx_ss: power ctrl: off
[   38.093749] mipi-dsi 43900000.dsitx_ss: reset...
[   38.093954] mipi-dsi 43880000.dsirx_ss: do reset
[   38.104354] btd-pdomain btd-power-domain.3: power on pd-mipi-dsi-tx
[   38.104684] mipi-dsi 43900000.dsitx_ss: subsys power on
[   38.104996] mipi-dsi 43900000.dsitx_ss: power ctrl: on
[   38.108807] mipi-dsi 43900000.dsitx_ss: dsitx start ret=0
[   38.109003] mipi-dsi 43900000.dsitx_ss: stream on ret=0
[   38.109180] btd-pdomain btd-power-domain.2: power on pd-mipi-dsi-rx
[   38.109408] mipi-dsi 43880000.dsirx_ss: subsys power on
[   38.109570] mipi-dsi 43880000.dsirx_ss: power ctrl: on
[   38.114936] wait dsirx stop done!
[   38.115099] mipi-dsi 43880000.dsirx_ss: init done
[   38.115237] mipi-dsi 43880000.dsirx_ss: dsirx start ret=0
[   38.115433] btd-pdomain btd-power-domain.4: power on pd-dpu
[   38.116083] vivian_dpu 50360000.dpu: Turn on IRQ: 0x401c000, 0xffffff7f, 0xffffffff!
[   38.116397] vivian_dpu 50200000.dpu: Turn on IRQ: 0x401c000, 0xffffff7f, 0xffffffff!
vivianvst_dpu_ouc_set_scaler_out_size 494: output size unchanged!
[   38.118045] vivian_dpu 50360000.dpu: Turn on IRQ: 0x401c000, 0xffffff7f, 0xffffffff!
vivianvst_dpu_ouc_set_scaler_out_size 494: output size unchanged!
[   38.119579] vivian_dpu 50200000.dpu: Turn on IRQ: 0x401c000, 0xffffff7f, 0xffffffff!
[   38.185770] [SENSOR_CORE] sensor sensor_core_direct_alloc_channel client_id=2 client_name=TrackingService
[   38.186068] [SENSOR_CORE] sensor alloc region name=sshub_sram size=0x7000! 
[   38.186317] [INFO](lq_create): lq:imu_raw_q is already created
[   38.186542] [SENSOR_CORE] sensor sensor_core_direct_connect_channel client_id=2 client_name=TrackingService
[   38.186961] sensorhub_manager_send_msg: ret=0, response message cmd=1 resp=0
[   38.188295] [sensorhub] Received calibration data (*1000000): 5279 999964 -8703 -939119 8151 336311 336943 6139 937707 510 -32113 -20687
[   38.189199] [sensorhub] ACC calibration data sent
[   38.189369] [SENSOR_CORE] sensor sensor_core_direct_cfg client_id=2 client_name=TrackingService
[   38.189620] [SENSORHUB_MANAGER] sensorhub_manager_direct_cfg: recevied direct cfg cmd: type=1, chl_id=1 client_id=2  rate=1024000, rsvd=0 0 0 0
[   38.190159] sensorhub_manager_send_msg: ret=0, response message cmd=2 resp=0
[   38.191266] [sensorhub] Received calibration data (*1000000): 3190 998807 -8682 -936764 8621 339580 334307 7080 941067 19177 9643 -5372
[   38.192186] [sensorhub] GYR calibration data sent
[   38.192357] [SENSOR_CORE] sensor sensor_core_direct_cfg client_id=2 client_name=TrackingService
[   38.192609] [SENSORHUB_MANAGER] sensorhub_manager_direct_cfg: recevied direct cfg cmd: type=2, chl_id=1 client_id=2  rate=1024000, rsvd=0 0 0 0
[   38.193181] sensorhub_manager_send_msg: ret=0, response message cmd=2 resp=0
[   38.194078] [sensorhub] Received calibration data (*1000000): -999964 -5279 8703 -8151 939119 -336311 -6139 -336943 -937707 0 0 0
[   38.194947] [sensorhub] MAG calibration data sent
[   38.195116] [SENSOR_CORE] sensor sensor_core_direct_cfg client_id=2 client_name=TrackingService
[   38.195360] [SENSORHUB_MANAGER] sensorhub_manager_direct_cfg: recevied direct cfg cmd: type=3, chl_id=1 client_id=2  rate=102400, rsvd=0 0 0 0
[   38.195929] sensorhub_manager_send_msg: ret=0, response message cmd=2 resp=0
[   38.196134] [SENSOR_CORE] sensor sensor_core_direct_cfg client_id=2 client_name=TrackingService
[   38.196376] [SENSORHUB_MANAGER] sensorhub_manager_direct_cfg: recevied direct cfg cmd: type=6, chl_id=1 client_id=2  rate=1024000, rsvd=0 0 0 0
[   38.196973] sensorhub_manager_send_msg: ret=0, response message cmd=2 resp=0
[   38.197178] [SENSOR_CORE] sensor sensor_core_direct_cfg client_id=2 client_name=TrackingService
[   38.197419] [SENSORHUB_MANAGER] sensorhub_manager_direct_cfg: recevied direct cfg cmd: type=7, chl_id=1 client_id=2  rate=1024000, rsvd=0 0 0 0
[   38.197994] sensorhub_manager_send_msg: ret=0, response message cmd=2 resp=0
[   38.198197] [SENSOR_CORE] sensor sensor_core_direct_cfg client_id=2 client_name=TrackingService
[   38.198438] [SENSORHUB_MANAGER] sensorhub_manager_direct_cfg: recevied direct cfg cmd: type=8, chl_id=1 client_id=2  rate=1024000, rsvd=0 0 0 0
[   38.199036] sensorhub_manager_send_msg: ret=0, response message cmd=2 resp=0
[   38.199239] [SENSOR_CORE] sensor sensor_core_direct_cfg client_id=2 client_name=TrackingService
[   38.199482] [SENSORHUB_MANAGER] sensorhub_manager_direct_cfg: recevied direct cfg cmd: type=9, chl_id=1 client_id=2  rate=1024000, rsvd=0 0 0 0
[   38.200072] sensorhub_manager_send_msg: ret=0, response message cmd=2 resp=0
[   38.200281] [SENSOR_CORE] sensor sensor_core_direct_cfg client_id=2 client_name=TrackingService
[   38.200524] [SENSORHUB_MANAGER] sensorhub_manager_direct_cfg: recevied direct cfg cmd: type=10, chl_id=1 client_id=2  rate=1024000, rsvd=0 0 0 0
[   38.201184] sensorhub_manager_send_msg: ret=0, response message cmd=2 resp=0
[   38.640126] [SENSOR_CORE] sensor sensor_core_open client_id=4 client_name=ap_sensor_servi
[   38.640435] [SENSOR_CORE] sensor sensor_core_direct_alloc_channel client_id=4 client_name=ap_sensor_servi
[   38.640744] [SENSOR_CORE] sensor alloc region name=sshub_ddr size=0x9d000! 
[   38.640955] [SENSOR_CORE] sensor sensor_core_direct_alloc_channel client_id=4 client_name=ap_sensor_servi
[   38.641222] [SENSOR_CORE] sensor alloc region name=sshub_sram size=0x7000! 
[   38.641466] [INFO](lq_create): lq:flick_raw_q is already created
[   38.641767] [SENSOR_CORE] sensor sensor_core_direct_connect_channel client_id=4 client_name=ap_sensor_servi
[   38.642208] sensorhub_manager_send_msg: ret=0, response message cmd=1 resp=0
[   38.646393] [SENSOR_CORE] sensor sensor_core_direct_cfg client_id=4 client_name=ap_sensor_servi
[   38.646644] [SENSORHUB_MANAGER] sensorhub_manager_direct_cfg: recevied direct cfg cmd: type=13, chl_id=3 client_id=4  rate=276480, rsvd=0 0 0 0
[   38.647192] sensorhub_manager_send_msg: ret=0, response message cmd=2 resp=0
[   38.647497] [SENSOR_CORE] sensd sigio poll_in 
[   38.650830] [SENSOR_CORE] sensor sensor_core_direct_cfg client_id=4 client_name=ap_sensor_servi
[   38.651080] [SENSORHUB_MANAGER] sensorhub_manager_direct_cfg: recevied direct cfg cmd: type=14, chl_id=3 client_id=4  rate=276480, rsvd=0 0 0 0
[   38.651656] sensorhub_manager_send_msg: ret=0, response message cmd=2 resp=0
[   38.651865] [SENSOR_CORE] sensd sigio poll_in 
WARNING: Logging before InitGoogleLogging() is written to STDERR
I0101 08:00:38.890093   403 mem_manager.cc:17] NPU npu_buffer 0 opened
I0101 08:00:38.895327   403 unified_driver.cc:286] Powering on NPU, and PID is 240
I0101 08:00:38.895824   403 unified_driver.cc:302] Monitor initialization is not open
[   38.896104] btd-pdomain btd-power-domain.1: power on pd-npu
[   39.184237] [SENSOR_CORE] sensor sensor_core_open client_id=5 client_name=TrackingService
[   39.184539] [SENSOR_CORE] sensor sensor_core_direct_alloc_channel client_id=5 client_name=TrackingService
[   39.184830] [SENSOR_CORE] sensor alloc region name=sshub_ddr size=0x9d000! 
[   39.185042] [SENSOR_CORE] sensor sensor_core_direct_alloc_channel client_id=5 client_name=TrackingService
[   39.185476] [SENSOR_CORE] sensor alloc region name=sshub_sram size=0x7000! 
[   39.185727] [INFO](lq_create): lq:flick_raw_q is already created
[   39.186145] [SENSOR_CORE] sensor sensor_core_direct_connect_channel client_id=5 client_name=TrackingService
[   39.186560] sensorhub_manager_send_msg: ret=0, response message cmd=1 resp=0
[   39.186939] [SENSOR_CORE] sensor sensor_core_direct_cfg client_id=5 client_name=TrackingService
[   39.187353] [SENSORHUB_MANAGER] sensorhub_manager_direct_cfg: recevied direct cfg cmd: type=13, chl_id=3 client_id=5  rate=276480, rsvd=0 64 16666 0
[   39.187987] sensorhub_manager_send_msg: ret=0, response message cmd=2 resp=0
[   39.188203] [SENSOR_CORE] sensd sigio poll_in 
[   39.188344] [SENSOR_CORE] sensor sensor_core_direct_cfg client_id=5 client_name=TrackingService
[   39.188586] [SENSORHUB_MANAGER] sensorhub_manager_direct_cfg: recevied direct cfg cmd: type=14, chl_id=3 client_id=5  rate=276480, rsvd=32768008 0 0 0
[   39.189173] sensorhub_manager_send_msg: ret=0, response message cmd=2 resp=0
[   39.189375] [SENSOR_CORE] sensd sigio poll_in 
[   39.320738] random: crng init done
[   39.333704] btd-pdomain btd-power-domain.7: power on pd-mipi-csi-tx
[   39.559830] im-pmctrl soc:im_pm_ctrl_0@0: [im_pm_ctrl_0]: isp power control power-dis start
[   39.562116] im-pmctrl soc:im_pm_ctrl_0@0: Chip im_pm_ctrl_0 power off! ref cnt 0
[   39.564444] im-pmctrl soc:im_pm_ctrl_0@0: Global dev power off. Operator im_pm_ctrl_0, ref cnt 0
[   39.566494] im-pmctrl soc:im_pm_ctrl_0@0: [im_pm_ctrl_0]: isp power control power-dis done
[   39.566891] im-pmctrl soc:im_pm_ctrl_1@1: [im_pm_ctrl_1]: tcxo level falling, high_count=0
[   39.567149] im-pmctrl soc:im_pm_ctrl_1@1: [im_pm_ctrl_1]: AI-ISP tcxo dis report!
[   39.576044] im-pmctrl soc:im_pm_ctrl_0@0: [im_pm_ctrl_0]: isp power control power-en start
[   39.578715] im-pmctrl soc:im_pm_ctrl_0@0: Global dev power on. Operator im_pm_ctrl_0, ref cnt 1
[   39.579132] im-pmctrl soc:im_pm_ctrl_0@0: [im_pm_ctrl_0]: isp power control power-en done
[   39.579478] im-pmctrl soc:im_pm_ctrl_1@1: [im_pm_ctrl_1]: tcxo level rising, high_count=1
[   39.579740] im-pmctrl soc:im_pm_ctrl_1@1: [im_pm_ctrl_1]: AI-ISP tcxo en report!
[   39.585318] im-pmctrl soc:im_pm_ctrl_0@0: [im_pm_ctrl_0]: isp power control reset start
[   39.585609] im-pmctrl soc:im_pm_ctrl_0@0: [im_pm_ctrl_0]: isp power control reset done
[   39.585908] im-pmctrl soc:im_pm_ctrl_0@0: [im_pm_ctrl_0]: tcxo level rising, high_count=2
[   39.586142] im-pmctrl soc:im_pm_ctrl_0@0: [im_pm_ctrl_0]: AI-ISP tcxo en report!
[   39.591019] im-pmctrl soc:im_pm_ctrl_0@0: [im_pm_ctrl_0]: isp power control de-reset start
[   39.604240] im-pmctrl soc:im_pm_ctrl_0@0: [im_pm_ctrl_0]: isp power control de-reset done
[   39.606493] tetras-ipcdev soc:im_ipc_0@0: ipc open command triggered
[   39.606736] [info]: ipcdev_ioctl(411): ipc read command triggered
[   39.609825] spibridge spi1.0: spi2axi tuning start
[   39.610700] spibridge spi1.0: 0 cycles ok
[   39.611382] spibridge spi1.0: 1 cycles ok
[   39.611954] spibridge spi1.0: 2 cycles ok
[   39.612864] spibridge spi1.0: 3 cycles ok
[   39.617124] spibridge spi1.0: 4 cycles skip
[   39.617425] spibridge spi1.0: 5 cycles skip
[   39.617827] spibridge spi1.0: 6 cycles skip
[   39.618166] spibridge spi1.0: 7 cycles skip
[   39.618849] spibridge spi1.0: 8 cycles skip
[   39.619204] spibridge spi1.0: 9 cycles skip
[   39.619482] spibridge spi1.0: 10 cycles skip
[   39.622319] spibridge spi1.0: 11 cycles skip
[   39.622605] spibridge spi1.0: 12 cycles skip
[   39.622938] spibridge spi1.0: 13 cycles skip
[   39.623263] spibridge spi1.0: 14 cycles skip
[   39.623538] spibridge spi1.0: 15 cycles skip
[   39.623746] spibridge spi1.0: tranning end, range from 0 to 3
[   40.687090] btd-pdomain btd-power-domain.5: power on pd-mipi-csi-rgb
[   40.733228] btd-pdomain btd-power-domain.5: power off pd-mipi-csi-rgb
[   40.795427] [SENSOR_CORE] sensor sensor_core_direct_cfg client_id=2 client_name=TrackingService
[   40.795714] [SENSORHUB_MANAGER] sensorhub_manager_direct_cfg: recevied direct cfg cmd: type=6, chl_id=1 client_id=2  rate=0, rsvd=0 0 0 0
[   40.796319] sensorhub_manager_send_msg: ret=0, response message cmd=2 resp=0
[   40.796527] [SENSOR_CORE] sensor sensor_core_direct_cfg client_id=2 client_name=TrackingService
[   40.796793] [SENSORHUB_MANAGER] sensorhub_manager_direct_cfg: recevied direct cfg cmd: type=6, chl_id=1 client_id=2  rate=1024000, rsvd=0 0 0 0
[   40.797437] sensorhub_manager_send_msg: ret=0, response message cmd=2 resp=0
[   40.896322] [info]: ipcdev_ioctl(411): ipc read command triggered
[   40.897175] tetras-ipcdev soc:im_ipc_0@0: ipc close command triggered
[   40.897522] im-pmctrl soc:im_pm_ctrl_0@0: [im_pm_ctrl_0]: isp power control power-dis start
[   40.897755] im-pmctrl soc:im_pm_ctrl_0@0: Chip im_pm_ctrl_0 power off! ref cnt 0
[   40.900093] im-pmctrl soc:im_pm_ctrl_0@0: Global dev power off. Operator im_pm_ctrl_0, ref cnt 0
[   40.900403] im-pmctrl soc:im_pm_ctrl_0@0: [im_pm_ctrl_0]: isp power control power-dis done
[   40.903172] im-pmctrl soc:im_pm_ctrl_0@0: [im_pm_ctrl_0]: tcxo level falling, high_count=1
[   40.903424] im-pmctrl soc:im_pm_ctrl_0@0: [im_pm_ctrl_0]: AI-ISP tcxo dis report!
[   40.906693] im-pmctrl soc:im_pm_ctrl_1@1: [im_pm_ctrl_1]: tcxo level falling, high_count=0
[   40.906939] im-pmctrl soc:im_pm_ctrl_1@1: [im_pm_ctrl_1]: AI-ISP tcxo dis report!
[   40.910257] btd-pdomain btd-power-domain.6: power off pd-isp-rgb
[   40.918317] [SENSOR_CORE] sensor sensor_core_direct_cfg client_id=1 client_name=T0C0-SensorRead
[   40.918599] [SENSORHUB_MANAGER] sensorhub_manager_direct_cfg: recevied direct cfg cmd: type=-1, chl_id=1 client_id=1  rate=0, rsvd=0 0 0 0
[   40.919280] sensorhub_manager_send_msg: ret=0, response message cmd=2 resp=0
[   40.920107] [SENSOR_CORE] sensor sensor_core_direct_disconnect_channel client_id=1 client_name=T0C0-SensorRead
[   40.921836] sensorhub_manager_send_msg: ret=0, response message cmd=3 resp=0
[   40.922357] [SENSOR_CORE] sensor sensor_core_direct_cfg client_id=3 client_name=T0C0-SensorRead
[   40.922627] [SENSORHUB_MANAGER] sensorhub_manager_direct_cfg: recevied direct cfg cmd: type=-1, chl_id=3 client_id=3  rate=0, rsvd=0 0 0 0
[   40.923261] sensorhub_manager_send_msg: ret=0, response message cmd=2 resp=0
[   40.923660] [SENSOR_CORE] sensd sigio poll_out 29
[   40.923981] [SENSOR_CORE] sensd sigio poll_out 29
[   40.924232] [SENSOR_CORE] sensor sensor_core_direct_disconnect_channel client_id=3 client_name=T0C0-SensorRead
[   40.924772] sensorhub_manager_send_msg: ret=0, response message cmd=3 resp=0
[   40.925531] [SENSOR_CORE] sensor_core_release client_id=1 client_name=T0C0-SensorRead 
[   40.925861] [SENSOR_CORE] sensor client_free 
[   40.926087] [SENSOR_CORE] sensor_core_release client_id=3 client_name=T0C0-SensorRead 
[   40.926321] [SENSOR_CORE] sensor client_free 
[   40.932321] btd-pdomain btd-power-domain.7: power off pd-mipi-csi-tx
[   40.951536] btd-pdomain btd-power-domain.6: power on pd-isp-rgb
[   41.063264] [SENSOR_CORE] sensor sensor_core_direct_cfg client_id=2 client_name=TrackingService
[   41.063556] [SENSORHUB_MANAGER] sensorhub_manager_direct_cfg: recevied direct cfg cmd: type=6, chl_id=1 client_id=2  rate=0, rsvd=0 0 0 0
[   41.064211] sensorhub_manager_send_msg: ret=0, response message cmd=2 resp=0
[   41.064440] [SENSOR_CORE] sensor sensor_core_direct_cfg client_id=2 client_name=TrackingService
[   41.064728] [SENSORHUB_MANAGER] sensorhub_manager_direct_cfg: recevied direct cfg cmd: type=6, chl_id=1 client_id=2  rate=1024000, rsvd=0 0 0 0
[   41.065382] sensorhub_manager_send_msg: ret=0, response message cmd=2 resp=0
[   41.092783] [SENSOR_CORE] sensor sensor_core_direct_cfg client_id=2 client_name=TrackingService
[   41.093549] [SENSORHUB_MANAGER] sensorhub_manager_direct_cfg: recevied direct cfg cmd: type=6, chl_id=1 client_id=2  rate=0, rsvd=0 0 0 0
[   41.094341] sensorhub_manager_send_msg: ret=0, response message cmd=2 resp=0
[   41.094575] [SENSOR_CORE] sensor sensor_core_direct_cfg client_id=2 client_name=TrackingService
[   41.094826] [SENSORHUB_MANAGER] sensorhub_manager_direct_cfg: recevied direct cfg cmd: type=6, chl_id=1 client_id=2  rate=1024000, rsvd=0 0 0 0
[   41.095510] sensorhub_manager_send_msg: ret=0, response message cmd=2 resp=0
[   41.204042] brp_open: power on
[   41.205500] btd-pdomain btd-power-domain.0: power on pd-dsp
[   41.205880] brp 424fc000.dsp: open brp device
[   41.215324] set core[0] comm @ 0x62000000
[   41.229302] set core[1] comm @ 0x62001000
[   41.259011] set core[2] comm @ 0x62002000
[   41.264826] [SENSOR_CORE] sensor sensor_core_open client_id=1 client_name=T0C1-SensorRead
[   41.284525] set core[3] comm @ 0x62003000
AP settings updated.
AP settings updated.
[   41.451944] brp_open: power on
[   41.452104] brp 424fc000.dsp: open brp device
[   41.887656] [SENSOR_CORE] sensor sensor_core_direct_alloc_channel client_id=1 client_name=T0C1-SensorRead
[   41.888027] [SENSOR_CORE] sensor alloc region name=sshub_sram size=0x7000! 
[   41.888948] [INFO](lq_create): lq:imu_raw_q is already created
[   41.889239] [SENSOR_CORE] sensor sensor_core_direct_connect_channel client_id=1 client_name=T0C1-SensorRead
[   41.889956] sensorhub_manager_send_msg: ret=0, response message cmd=1 resp=0
[   41.890391] [SENSOR_CORE] sensor sensor_core_open client_id=3 client_name=T0C1-SensorRead
[   41.890729] [SENSOR_CORE] sensor sensor_core_direct_alloc_channel client_id=3 client_name=T0C1-SensorRead
[   41.891244] [SENSOR_CORE] sensor alloc region name=sshub_ddr size=0x9d000! 
[   41.891590] [SENSOR_CORE] sensor sensor_core_direct_alloc_channel client_id=3 client_name=T0C1-SensorRead
[   41.892005] [SENSOR_CORE] sensor alloc region name=sshub_sram size=0x7000! 
[   41.892364] [INFO](lq_create): lq:flick_raw_q is already created
[   41.893524] [SENSOR_CORE] sensor sensor_core_direct_connect_channel client_id=3 client_name=T0C1-SensorRead
[   41.895455] sensorhub_manager_send_msg: ret=0, response message cmd=1 resp=0
[   41.897304] [sensorhub] Received calibration data (*1000000): 5279 999964 -8703 -939119 8151 336311 336943 6139 937707 510 -32113 -20687
[   41.898212] [sensorhub] ACC calibration data sent
[   41.898511] [SENSOR_CORE] sensor sensor_core_direct_cfg client_id=1 client_name=T0C1-SensorRead
[   41.898839] [SENSORHUB_MANAGER] sensorhub_manager_direct_cfg: recevied direct cfg cmd: type=1, chl_id=1 client_id=1  rate=1024000, rsvd=0 0 0 0
[   41.899490] sensorhub_manager_send_msg: ret=0, response message cmd=2 resp=0
[   41.904080] [sensorhub] Received calibration data (*1000000): 3190 998807 -8682 -936764 8621 339580 334307 7080 941067 19177 9643 -5372
[   41.906811] [sensorhub] GYR calibration data sent
[   41.907004] [SENSOR_CORE] sensor sensor_core_direct_cfg client_id=1 client_name=T0C1-SensorRead
[   41.908649] [SENSORHUB_MANAGER] sensorhub_manager_direct_cfg: recevied direct cfg cmd: type=2, chl_id=1 client_id=1  rate=1024000, rsvd=0 0 0 0
[   41.909568] sensorhub_manager_send_msg: ret=0, response message cmd=2 resp=0
[   41.910100] [SENSOR_CORE] sensor sensor_core_direct_cfg client_id=3 client_name=T0C1-SensorRead
[   41.910362] [SENSORHUB_MANAGER] sensorhub_manager_direct_cfg: recevied direct cfg cmd: type=13, chl_id=3 client_id=3  rate=276480, rsvd=0 64 16666 0
[   41.911218] sensorhub_manager_send_msg: ret=0, response message cmd=2 resp=0
[   41.911655] [SENSOR_CORE] sensd sigio poll_in 
[   41.911871] [SENSOR_CORE] sensor sensor_core_direct_cfg client_id=3 client_name=T0C1-SensorRead
[   41.912294] [SENSORHUB_MANAGER] sensorhub_manager_direct_cfg: recevied direct cfg cmd: type=14, chl_id=3 client_id=3  rate=276480, rsvd=32768008 0 0 0
[   41.918825] sensorhub_manager_send_msg: ret=0, response message cmd=2 resp=0
[   41.920229] [SENSOR_CORE] sensd sigio poll_in 
[   41.975590] btd-pdomain btd-power-domain.7: power on pd-mipi-csi-tx
[   42.210155] im-pmctrl soc:im_pm_ctrl_1@1: [im_pm_ctrl_1]: isp power control power-dis start
[   42.210525] im-pmctrl soc:im_pm_ctrl_1@1: [im_pm_ctrl_1]: isp power control power-dis done
[   42.210913] im-pmctrl soc:im_pm_ctrl_1@1: [im_pm_ctrl_1]: isp power control power-en start
[   42.214569] im-pmctrl soc:im_pm_ctrl_1@1: Global dev power on. Operator im_pm_ctrl_1, ref cnt 1
[   42.217871] im-pmctrl soc:im_pm_ctrl_1@1: [im_pm_ctrl_1]: isp power control power-en done
[   42.218250] im-pmctrl soc:im_pm_ctrl_1@1: [im_pm_ctrl_1]: tcxo level rising, high_count=1
[   42.218492] im-pmctrl soc:im_pm_ctrl_1@1: [im_pm_ctrl_1]: AI-ISP tcxo en report!
[   42.221843] im-pmctrl soc:im_pm_ctrl_1@1: [im_pm_ctrl_1]: isp power control reset start
[   42.222317] im-pmctrl soc:im_pm_ctrl_1@1: [im_pm_ctrl_1]: isp power control reset done
[   42.229035] im-pmctrl soc:im_pm_ctrl_1@1: [im_pm_ctrl_1]: isp power control de-reset start
[   42.243747] im-pmctrl soc:im_pm_ctrl_1@1: [im_pm_ctrl_1]: isp power control de-reset done
[   42.253125] tetras-ipcdev soc:im_ipc_1@1: ipc open command triggered
[   42.253368] [info]: ipcdev_ioctl(411): ipc read command triggered
[   42.254646] spibridge spi0.0: spi2axi tuning start
[   42.256906] spibridge spi0.0: 0 cycles ok
[   42.257497] spibridge spi0.0: 1 cycles ok
[   42.258037] spibridge spi0.0: 2 cycles ok
[   42.258606] spibridge spi0.0: 3 cycles ok
[   42.258867] spibridge spi0.0: 4 cycles skip
[   42.259264] spibridge spi0.0: 5 cycles skip
[   42.259813] spibridge spi0.0: 6 cycles skip
[   42.262505] spibridge spi0.0: 7 cycles skip
[   42.262781] spibridge spi0.0: 8 cycles skip
[   42.263108] spibridge spi0.0: 9 cycles skip
[   42.263381] spibridge spi0.0: 10 cycles skip
[   42.263656] spibridge spi0.0: 11 cycles skip
[   42.263989] spibridge spi0.0: 12 cycles skip
[   42.264348] spibridge spi0.0: 13 cycles skip
[   42.264631] spibridge spi0.0: 14 cycles skip
[   42.265120] spibridge spi0.0: 15 cycles skip
[   42.265381] spibridge spi0.0: tranning end, range from 0 to 3
[   42.891589] brp 424fc000.dsp: close brp device
[   42.891791] brp_release: power off
[   42.893581] brp 424fc000.dsp: close brp device
[   42.893818] brp_release: power off
[   42.893944] btd-pdomain btd-power-domain.0: power off pd-dsp
[   43.121303] brp_open: power on
[   43.122086] btd-pdomain btd-power-domain.0: power on pd-dsp
[   43.122617] brp 424fc000.dsp: open brp device
[   43.259090] brp_open: power on
[   43.259233] brp 424fc000.dsp: open brp device
[   43.337190] btd-pdomain btd-power-domain.5: power on pd-mipi-csi-rgb
[   43.465022] brp_open: power on
[   43.465171] brp 424fc000.dsp: open brp device
[   43.889535] im-pmctrl soc:im_pm_ctrl_0@0: [im_pm_ctrl_0]: isp power control power-dis start
[   43.889906] im-pmctrl soc:im_pm_ctrl_0@0: [im_pm_ctrl_0]: isp power control power-dis done
[   43.890202] im-pmctrl soc:im_pm_ctrl_0@0: [im_pm_ctrl_0]: isp power control power-en start
[   43.890443] im-pmctrl soc:im_pm_ctrl_0@0: Chip im_pm_ctrl_0 power on! ref cnt 2
[   43.890930] im-pmctrl soc:im_pm_ctrl_0@0: [im_pm_ctrl_0]: isp power control power-en done
[   43.891280] im-pmctrl soc:im_pm_ctrl_0@0: [im_pm_ctrl_0]: isp power control reset start
[   43.891557] im-pmctrl soc:im_pm_ctrl_0@0: [im_pm_ctrl_0]: isp power control reset done
[   43.891818] im-pmctrl soc:im_pm_ctrl_0@0: [im_pm_ctrl_0]: tcxo level rising, high_count=2
[   43.892171] im-pmctrl soc:im_pm_ctrl_0@0: [im_pm_ctrl_0]: AI-ISP tcxo en report!
[   43.896935] im-pmctrl soc:im_pm_ctrl_0@0: [im_pm_ctrl_0]: isp power control de-reset start
[   43.912203] im-pmctrl soc:im_pm_ctrl_0@0: [im_pm_ctrl_0]: isp power control de-reset done
[   43.919048] tetras-ipcdev soc:im_ipc_0@0: ipc open command triggered
[   43.919635] [info]: ipcdev_ioctl(411): ipc read command triggered
[   50.498883] vivian_dpu 50360000.dpu: Disable all IRQs!
[   50.501541] Polling dpu status timeout(20)!
[   50.501861] vivian_dpu 50200000.dpu: Disable all IRQs!
[   50.504165] Polling dpu status timeout(20)!
[   50.504508] vivian_dpu 50360000.dpu: Disable all IRQs!
[   50.504873] vivian_dpu 50200000.dpu: Disable all IRQs!
[   50.505104] btd-pdomain btd-power-domain.4: power off pd-dpu
[   50.515648] mipi-dsi 43900000.dsitx_ss: stream off ret=0
[   50.515866] mipi-dsi 43900000.dsitx_ss: subsys power off
[   50.516039] btd-pdomain btd-power-domain.3: power off pd-mipi-dsi-tx
[   50.516272] mipi-dsi 43900000.dsitx_ss: power ctrl: off
[   50.516457] mipi-dsi 43880000.dsirx_ss: subsys power off
[   50.516631] btd-pdomain btd-power-domain.2: power off pd-mipi-dsi-rx
[   50.517003] mipi-dsi 43880000.dsirx_ss: power ctrl: off
[   51.574844] [info]: ipcdev_ioctl(411): ipc read command triggered
[   51.578931] tetras-ipcdev soc:im_ipc_1@1: ipc close command triggered
[   51.579435] im-pmctrl soc:im_pm_ctrl_1@1: [im_pm_ctrl_1]: isp power control power-dis start
[   51.579672] im-pmctrl soc:im_pm_ctrl_1@1: Chip im_pm_ctrl_1 power off! ref cnt 1
[   51.579884] im-pmctrl soc:im_pm_ctrl_1@1: [im_pm_ctrl_1]: isp power control power-dis done
[   51.614962] btd-pdomain btd-power-domain.5: power off pd-mipi-csi-rgb
[   52.232770] [info]: ipcdev_ioctl(411): ipc read command triggered
[   52.233930] tetras-ipcdev soc:im_ipc_0@0: ipc close command triggered
[   52.234521] im-pmctrl soc:im_pm_ctrl_0@0: [im_pm_ctrl_0]: isp power control power-dis start
[   52.234946] im-pmctrl soc:im_pm_ctrl_0@0: Chip im_pm_ctrl_0 power off! ref cnt 0
[   52.238647] im-pmctrl soc:im_pm_ctrl_0@0: Global dev power off. Operator im_pm_ctrl_0, ref cnt 0
[   52.238971] im-pmctrl soc:im_pm_ctrl_0@0: [im_pm_ctrl_0]: isp power control power-dis done
[   52.239449] im-pmctrl soc:im_pm_ctrl_0@0: [im_pm_ctrl_0]: tcxo level falling, high_count=1
[   52.239693] im-pmctrl soc:im_pm_ctrl_0@0: [im_pm_ctrl_0]: AI-ISP tcxo dis report!
[   52.242926] im-pmctrl soc:im_pm_ctrl_1@1: [im_pm_ctrl_1]: tcxo level falling, high_count=0
[   52.243161] im-pmctrl soc:im_pm_ctrl_1@1: [im_pm_ctrl_1]: AI-ISP tcxo dis report!
[   52.246901] btd-pdomain btd-power-domain.6: power off pd-isp-rgb
[   52.252740] [SENSOR_CORE] sensor sensor_core_direct_cfg client_id=1 client_name=T0C1-SensorRead
[   52.253516] [SENSORHUB_MANAGER] sensorhub_manager_direct_cfg: recevied direct cfg cmd: type=-1, chl_id=1 client_id=1  rate=0, rsvd=0 0 0 0
[   52.254188] sensorhub_manager_send_msg: ret=0, response message cmd=2 resp=0
[   52.254465] [SENSOR_CORE] sensor sensor_core_direct_disconnect_channel client_id=1 client_name=T0C1-SensorRead
[   52.254859] sensorhub_manager_send_msg: ret=0, response message cmd=3 resp=0
[   52.256809] [SENSOR_CORE] sensor sensor_core_direct_cfg client_id=3 client_name=T0C1-SensorRead
[   52.257054] [SENSORHUB_MANAGER] sensorhub_manager_direct_cfg: recevied direct cfg cmd: type=-1, chl_id=3 client_id=3  rate=0, rsvd=0 0 0 0
[   52.258556] sensorhub_manager_send_msg: ret=0, response message cmd=2 resp=0
[   52.258972] [SENSOR_CORE] sensd sigio poll_out 29
[   52.259242] [SENSOR_CORE] sensd sigio poll_out 29
[   52.259439] [SENSOR_CORE] sensor sensor_core_direct_disconnect_channel client_id=3 client_name=T0C1-SensorRead
[   52.260054] sensorhub_manager_send_msg: ret=0, response message cmd=3 resp=0
[   52.260642] [SENSOR_CORE] sensor_core_release client_id=1 client_name=T0C1-SensorRead 
[   52.260936] [SENSOR_CORE] sensor client_free 
[   52.261164] [SENSOR_CORE] sensor_core_release client_id=3 client_name=T0C1-SensorRead 
[   52.261510] [SENSOR_CORE] sensor client_free 
[   52.267547] btd-pdomain btd-power-domain.7: power off pd-mipi-csi-tx
[  170.663565] brp 424fc000.dsp: close brp device
[  170.663737] brp_release: power off
[  170.664481] brp 424fc000.dsp: close brp device
[  170.664612] brp_release: power off
[  170.664982] brp 424fc000.dsp: close brp device
[  170.665197] brp_release: power off
[  170.665316] btd-pdomain btd-power-domain.0: power off pd-dsp
[  171.035823] [SENSOR_CORE] sensor sensor_core_direct_disconnect_channel client_id=5 client_name=TrackingService
[  171.036384] sensorhub_manager_send_msg: ret=0, response message cmd=3 resp=0
[  171.036741] [SENSOR_CORE] sensor_core_release client_id=5 client_name=TrackingService 
[  171.036983] [SENSOR_CORE] sensor client_free 
I0318 02:20:09.049391   403 unified_driver.cc:321] Powering off NPU, and PID is 240
[  171.516447] btd-pdomain btd-power-domain.8: power off pd-mipi-csi-mono
[  171.727887] btd-pdomain btd-power-domain.8: power on pd-mipi-csi-mono
[  171.762650] mipi-dsi 43900000.dsitx_ss: reset...
[  171.762834] mipi-dsi 43880000.dsirx_ss: do reset
[  171.773165] btd-pdomain btd-power-domain.3: power on pd-mipi-dsi-tx
[  171.773402] mipi-dsi 43900000.dsitx_ss: subsys power on
[  171.773560] mipi-dsi 43900000.dsitx_ss: power ctrl: on
[  171.777267] mipi-dsi 43900000.dsitx_ss: dsitx start ret=0
[  171.777445] mipi-dsi 43900000.dsitx_ss: stream on ret=0
[  171.777608] btd-pdomain btd-power-domain.2: power on pd-mipi-dsi-rx
[  171.777823] mipi-dsi 43880000.dsirx_ss: subsys power on
[  171.777979] mipi-dsi 43880000.dsirx_ss: power ctrl: on
[  171.783345] wait dsirx stop done!
[  171.783448] mipi-dsi 43880000.dsirx_ss: init done
[  171.783584] mipi-dsi 43880000.dsirx_ss: dsirx start ret=0
[  171.783764] btd-pdomain btd-power-domain.4: power on pd-dpu
[  171.784199] vivian_dpu 50360000.dpu: Turn on IRQ: 0x401c000, 0xffffff7f, 0xffffffff!
[  171.784491] vivian_dpu 50200000.dpu: Turn on IRQ: 0x401c000, 0xffffff7f, 0xffffffff!
vivianvst_dpu_ouc_set_scaler_out_size 494: output size unchanged!
[  171.785707] vivian_dpu 50360000.dpu: Turn on IRQ: 0x401c000, 0xffffff7f, 0xffffffff!
vivianvst_dpu_ouc_set_scaler_out_size 494: output size unchanged!
[  171.786757] vivian_dpu 50200000.dpu: Turn on IRQ: 0x401c000, 0xffffff7f, 0xffffffff!
[  172.430127] btd-pdomain btd-power-domain.6: power on pd-isp-rgb
[  172.530733] [SENSOR_CORE] sensor sensor_core_open client_id=1 client_name=T0C1-SensorRead
[  172.647828] btd-pdomain btd-power-domain.1: power off pd-npu
[  173.136148] [SENSOR_CORE] sensor sensor_core_direct_alloc_channel client_id=1 client_name=T0C1-SensorRead
[  173.136413] [SENSOR_CORE] sensor alloc region name=sshub_sram size=0x7000! 
[  173.136659] [INFO](lq_create): lq:imu_raw_q is already created
[  173.137066] [SENSOR_CORE] sensor sensor_core_direct_connect_channel client_id=1 client_name=T0C1-SensorRead
[  173.137467] sensorhub_manager_send_msg: ret=0, response message cmd=1 resp=0
[  173.137756] [SENSOR_CORE] sensor sensor_core_open client_id=3 client_name=T0C1-SensorRead
[  173.138060] [SENSOR_CORE] sensor sensor_core_direct_alloc_channel client_id=3 client_name=T0C1-SensorRead
[  173.138321] [SENSOR_CORE] sensor alloc region name=sshub_ddr size=0x9d000! 
[  173.138571] [SENSOR_CORE] sensor sensor_core_direct_alloc_channel client_id=3 client_name=T0C1-SensorRead
[  173.138831] [SENSOR_CORE] sensor alloc region name=sshub_sram size=0x7000! 
[  173.139063] [INFO](lq_create): lq:flick_raw_q is already created
[  173.139410] [SENSOR_CORE] sensor sensor_core_direct_connect_channel client_id=3 client_name=T0C1-SensorRead
[  173.139821] sensorhub_manager_send_msg: ret=0, response message cmd=1 resp=0
[  173.141349] [sensorhub] Received calibration data (*1000000): 5279 999964 -8703 -939119 8151 336311 336943 6139 937707 510 -32113 -20687
[  173.142316] [sensorhub] ACC calibration data sent
[  173.142481] [SENSOR_CORE] sensor sensor_core_direct_cfg client_id=1 client_name=T0C1-SensorRead
[  173.142723] [SENSORHUB_MANAGER] sensorhub_manager_direct_cfg: recevied direct cfg cmd: type=1, chl_id=1 client_id=1  rate=1024000, rsvd=0 0 0 0
[  173.143256] sensorhub_manager_send_msg: ret=0, response message cmd=2 resp=0
[  173.144567] [sensorhub] Received calibration data (*1000000): 3190 998807 -8682 -936764 8621 339580 334307 7080 941067 19177 9643 -5372
[  173.145532] [sensorhub] GYR calibration data sent
[  173.145808] [SENSOR_CORE] sensor sensor_core_direct_cfg client_id=1 client_name=T0C1-SensorRead
[  173.146050] [SENSORHUB_MANAGER] sensorhub_manager_direct_cfg: recevied direct cfg cmd: type=2, chl_id=1 client_id=1  rate=1024000, rsvd=0 0 0 0
[  173.146684] sensorhub_manager_send_msg: ret=0, response message cmd=2 resp=0
[  173.147086] [SENSOR_CORE] sensor sensor_core_direct_cfg client_id=3 client_name=T0C1-SensorRead
[  173.147328] [SENSORHUB_MANAGER] sensorhub_manager_direct_cfg: recevied direct cfg cmd: type=13, chl_id=3 client_id=3  rate=276480, rsvd=0 64 16666 0
[  173.147887] sensorhub_manager_send_msg: ret=0, response message cmd=2 resp=0
[  173.148140] [SENSOR_CORE] sensd sigio poll_in 
[  173.148327] [SENSOR_CORE] sensor sensor_core_direct_cfg client_id=3 client_name=T0C1-SensorRead
[  173.148568] [SENSORHUB_MANAGER] sensorhub_manager_direct_cfg: recevied direct cfg cmd: type=14, chl_id=3 client_id=3  rate=276480, rsvd=32768008 0 0 0
[  173.149146] sensorhub_manager_send_msg: ret=0, response message cmd=2 resp=0
[  173.149347] [SENSOR_CORE] sensd sigio poll_in 
[  173.174512] btd-pdomain btd-power-domain.7: power on pd-mipi-csi-tx
[  173.390831] im-pmctrl soc:im_pm_ctrl_1@1: [im_pm_ctrl_1]: isp power control power-dis start
[  173.391118] im-pmctrl soc:im_pm_ctrl_1@1: [im_pm_ctrl_1]: isp power control power-dis done
[  173.391389] im-pmctrl soc:im_pm_ctrl_1@1: [im_pm_ctrl_1]: isp power control power-en start
[  173.393665] im-pmctrl soc:im_pm_ctrl_1@1: Global dev power on. Operator im_pm_ctrl_1, ref cnt 1
[  173.393947] im-pmctrl soc:im_pm_ctrl_1@1: [im_pm_ctrl_1]: isp power control power-en done
[  173.394237] im-pmctrl soc:im_pm_ctrl_1@1: [im_pm_ctrl_1]: tcxo level rising, high_count=1
[  173.394465] im-pmctrl soc:im_pm_ctrl_1@1: [im_pm_ctrl_1]: AI-ISP tcxo en report!
[  173.397685] im-pmctrl soc:im_pm_ctrl_1@1: [im_pm_ctrl_1]: isp power control reset start
[  173.397914] im-pmctrl soc:im_pm_ctrl_1@1: [im_pm_ctrl_1]: isp power control reset done
[  173.403247] im-pmctrl soc:im_pm_ctrl_1@1: [im_pm_ctrl_1]: isp power control de-reset start
[  173.413485] im-pmctrl soc:im_pm_ctrl_1@1: [im_pm_ctrl_1]: isp power control de-reset done
[  173.414185] tetras-ipcdev soc:im_ipc_1@1: ipc open command triggered
[  173.414430] [info]: ipcdev_ioctl(411): ipc read command triggered
[  173.542563] [SENSOR_CORE] sensor sensor_core_direct_cfg client_id=2 client_name=TrackingService
[  173.542809] [SENSORHUB_MANAGER] sensorhub_manager_direct_cfg: recevied direct cfg cmd: type=-1, chl_id=1 client_id=2  rate=0, rsvd=0 0 0 0
[  173.544020] sensorhub_manager_send_msg: ret=0, response message cmd=2 resp=0
[  173.544240] [SENSOR_CORE] sensor sensor_core_direct_disconnect_channel client_id=2 client_name=TrackingService
[  173.544628] sensorhub_manager_send_msg: ret=0, response message cmd=3 resp=0
[  173.544922] [SENSOR_CORE] sensor_core_release client_id=2 client_name=TrackingService 
[  173.545148] [SENSOR_CORE] sensor client_free 
[  173.696605] [SENSOR_CORE] sensor sensor_core_open client_id=2 client_name=TrackingService
I0318 02:20:12.030783   403 unified_driver.cc:286] Powering on NPU, and PID is 240
I0318 02:20:12.031198   403 unified_driver.cc:302] Monitor initialization is not open
[  174.043611] btd-pdomain btd-power-domain.1: power on pd-npu
[  174.302289] [SENSOR_CORE] sensor sensor_core_direct_alloc_channel client_id=2 client_name=TrackingService
[  174.302580] [SENSOR_CORE] sensor alloc region name=sshub_sram size=0x7000! 
[  174.302824] [INFO](lq_create): lq:imu_raw_q is already created
[  174.303040] [SENSOR_CORE] sensor sensor_core_direct_connect_channel client_id=2 client_name=TrackingService
[  174.303455] sensorhub_manager_send_msg: ret=0, response message cmd=1 resp=0
[  174.304745] [sensorhub] Received calibration data (*1000000): 5279 999964 -8703 -939119 8151 336311 336943 6139 937707 510 -32113 -20687
[  174.305658] [sensorhub] ACC calibration data sent
[  174.305820] [SENSOR_CORE] sensor sensor_core_direct_cfg client_id=2 client_name=TrackingService
[  174.306063] [SENSORHUB_MANAGER] sensorhub_manager_direct_cfg: recevied direct cfg cmd: type=1, chl_id=1 client_id=2  rate=1024000, rsvd=0 0 0 0
[  174.306604] sensorhub_manager_send_msg: ret=0, response message cmd=2 resp=0
[  174.307624] [sensorhub] Received calibration data (*1000000): 3190 998807 -8682 -936764 8621 339580 334307 7080 941067 19177 9643 -5372
[  174.308469] [sensorhub] GYR calibration data sent
[  174.308631] [SENSOR_CORE] sensor sensor_core_direct_cfg client_id=2 client_name=TrackingService
[  174.308894] [SENSORHUB_MANAGER] sensorhub_manager_direct_cfg: recevied direct cfg cmd: type=2, chl_id=1 client_id=2  rate=1024000, rsvd=0 0 0 0
[  174.309525] sensorhub_manager_send_msg: ret=0, response message cmd=2 resp=0
[  174.310180] [sensorhub] Received calibration data (*1000000): -999964 -5279 8703 -8151 939119 -336311 -6139 -336943 -937707 0 0 0
[  174.310996] [sensorhub] MAG calibration data sent
[  174.311157] [SENSOR_CORE] sensor sensor_core_direct_cfg client_id=2 client_name=TrackingService
[  174.311398] [SENSORHUB_MANAGER] sensorhub_manager_direct_cfg: recevied direct cfg cmd: type=3, chl_id=1 client_id=2  rate=102400, rsvd=0 0 0 0
[  174.311948] sensorhub_manager_send_msg: ret=0, response message cmd=2 resp=0
[  174.312151] [SENSOR_CORE] sensor sensor_core_direct_cfg client_id=2 client_name=TrackingService
[  174.312437] [SENSORHUB_MANAGER] sensorhub_manager_direct_cfg: recevied direct cfg cmd: type=6, chl_id=1 client_id=2  rate=1024000, rsvd=0 0 0 0
[  174.313078] sensorhub_manager_send_msg: ret=0, response message cmd=2 resp=0
[  174.313284] [SENSOR_CORE] sensor sensor_core_direct_cfg client_id=2 client_name=TrackingService
[  174.313528] [SENSORHUB_MANAGER] sensorhub_manager_direct_cfg: recevied direct cfg cmd: type=7, chl_id=1 client_id=2  rate=1024000, rsvd=0 0 0 0
[  174.314142] sensorhub_manager_send_msg: ret=0, response message cmd=2 resp=0
[  174.314346] [SENSOR_CORE] sensor sensor_core_direct_cfg client_id=2 client_name=TrackingService
[  174.314586] [SENSORHUB_MANAGER] sensorhub_manager_direct_cfg: recevied direct cfg cmd: type=8, chl_id=1 client_id=2  rate=1024000, rsvd=0 0 0 0
[  174.315222] sensorhub_manager_send_msg: ret=0, response message cmd=2 resp=0
[  174.315424] [SENSOR_CORE] sensor sensor_core_direct_cfg client_id=2 client_name=TrackingService
[  174.315665] [SENSORHUB_MANAGER] sensorhub_manager_direct_cfg: recevied direct cfg cmd: type=9, chl_id=1 client_id=2  rate=1024000, rsvd=0 0 0 0
[  174.316265] sensorhub_manager_send_msg: ret=0, response message cmd=2 resp=0
[  174.316467] [SENSOR_CORE] sensor sensor_core_direct_cfg client_id=2 client_name=TrackingService
[  174.316725] [SENSORHUB_MANAGER] sensorhub_manager_direct_cfg: recevied direct cfg cmd: type=10, chl_id=1 client_id=2  rate=1024000, rsvd=0 0 0 0
[  174.317332] sensorhub_manager_send_msg: ret=0, response message cmd=2 resp=0
[  174.377453] btd-pdomain btd-power-domain.5: power on pd-mipi-csi-rgb
[  174.822003] im-pmctrl soc:im_pm_ctrl_0@0: [im_pm_ctrl_0]: isp power control power-dis start
[  174.822271] im-pmctrl soc:im_pm_ctrl_0@0: [im_pm_ctrl_0]: isp power control power-dis done
[  174.822546] im-pmctrl soc:im_pm_ctrl_0@0: [im_pm_ctrl_0]: isp power control power-en start
[  174.822789] im-pmctrl soc:im_pm_ctrl_0@0: Chip im_pm_ctrl_0 power on! ref cnt 2
[  174.822994] im-pmctrl soc:im_pm_ctrl_0@0: [im_pm_ctrl_0]: isp power control power-en done
[  174.823350] im-pmctrl soc:im_pm_ctrl_0@0: [im_pm_ctrl_0]: isp power control reset start
[  174.823629] im-pmctrl soc:im_pm_ctrl_0@0: [im_pm_ctrl_0]: isp power control reset done
[  174.823854] im-pmctrl soc:im_pm_ctrl_0@0: [im_pm_ctrl_0]: tcxo level rising, high_count=2
[  174.824082] im-pmctrl soc:im_pm_ctrl_0@0: [im_pm_ctrl_0]: AI-ISP tcxo en report!
[  174.828976] im-pmctrl soc:im_pm_ctrl_0@0: [im_pm_ctrl_0]: isp power control de-reset start
[  174.851031] im-pmctrl soc:im_pm_ctrl_0@0: [im_pm_ctrl_0]: isp power control de-reset done
[  174.855728] tetras-ipcdev soc:im_ipc_0@0: ipc open command triggered
[  174.855940] [info]: ipcdev_ioctl(411): ipc read command triggered
[  175.322082] [SENSOR_CORE] sensor sensor_core_open client_id=5 client_name=TrackingService
[  175.322387] [SENSOR_CORE] sensor sensor_core_direct_alloc_channel client_id=5 client_name=TrackingService
[  175.322660] [SENSOR_CORE] sensor alloc region name=sshub_ddr size=0x9d000! 
[  175.322865] [SENSOR_CORE] sensor sensor_core_direct_alloc_channel client_id=5 client_name=TrackingService
[  175.323138] [SENSOR_CORE] sensor alloc region name=sshub_sram size=0x7000! 
[  175.323748] [INFO](lq_create): lq:flick_raw_q is already created
[  175.324154] [SENSOR_CORE] sensor sensor_core_direct_connect_channel client_id=5 client_name=TrackingService
[  175.324590] sensorhub_manager_send_msg: ret=0, response message cmd=1 resp=0
[  175.324823] [SENSOR_CORE] sensor sensor_core_direct_cfg client_id=5 client_name=TrackingService
[  175.325074] [SENSORHUB_MANAGER] sensorhub_manager_direct_cfg: recevied direct cfg cmd: type=13, chl_id=3 client_id=5  rate=276480, rsvd=0 64 16666 0
[  175.325646] sensorhub_manager_send_msg: ret=0, response message cmd=2 resp=0
[  175.325883] [SENSOR_CORE] sensd sigio poll_in 
[  175.326033] [SENSOR_CORE] sensor sensor_core_direct_cfg client_id=5 client_name=TrackingService
[  175.326283] [SENSORHUB_MANAGER] sensorhub_manager_direct_cfg: recevied direct cfg cmd: type=14, chl_id=3 client_id=5  rate=276480, rsvd=32768008 0 0 0
[  175.326854] sensorhub_manager_send_msg: ret=0, response message cmd=2 resp=0
[  175.327059] [SENSOR_CORE] sensd sigio poll_in 
[  175.816950] gen_pool_heap: dmabuf is not allocated from the generic pool heap
[  175.817471] gen_pool_heap: dmabuf is not allocated from the generic pool heap
[  175.817690] sharedata: dmabuf-controller_data is not allocated from the generic pool heap
[  176.299086] [SENSOR_CORE] sensor sensor_core_direct_cfg client_id=2 client_name=TrackingService
[  176.299393] [SENSORHUB_MANAGER] sensorhub_manager_direct_cfg: recevied direct cfg cmd: type=6, chl_id=1 client_id=2  rate=0, rsvd=0 0 0 0
[  176.300412] sensorhub_manager_send_msg: ret=0, response message cmd=2 resp=0
[  176.300636] [SENSOR_CORE] sensor sensor_core_direct_cfg client_id=2 client_name=TrackingService
[  176.301042] [SENSORHUB_MANAGER] sensorhub_manager_direct_cfg: recevied direct cfg cmd: type=6, chl_id=1 client_id=2  rate=1024000, rsvd=0 0 0 0
[  176.301632] sensorhub_manager_send_msg: ret=0, response message cmd=2 resp=0
[  176.351703] [SENSOR_CORE] sensor sensor_core_direct_cfg client_id=2 client_name=TrackingService
[  176.352099] [SENSORHUB_MANAGER] sensorhub_manager_direct_cfg: recevied direct cfg cmd: type=6, chl_id=1 client_id=2  rate=0, rsvd=0 0 0 0
[  176.352888] sensorhub_manager_send_msg: ret=0, response message cmd=2 resp=0
[  176.353169] [SENSOR_CORE] sensor sensor_core_direct_cfg client_id=2 client_name=TrackingService
[  176.353616] [SENSOR_CORE] sensor sensor_core_direct_cfg client_id=4 client_name=ap_sensor_servi
[  176.353914] [SENSORHUB_MANAGER] sensorhub_manager_direct_cfg: recevied direct cfg cmd: type=13, chl_id=3 client_id=4  rate=0, rsvd=0 0 0 0
[  176.354495] sensorhub_manager_send_msg: ret=0, response message cmd=2 resp=0
[  176.356955] [SENSOR_CORE] sensor sensor_core_direct_cfg client_id=4 client_name=ap_sensor_servi
[  176.357308] [SENSORHUB_MANAGER] sensorhub_manager_direct_cfg: recevied direct cfg cmd: type=14, chl_id=3 client_id=4  rate=0, rsvd=0 0 0 0
[  176.358348] sensorhub_manager_send_msg: ret=0, response message cmd=2 resp=0
[  176.361660] [SENSORHUB_MANAGER] sensorhub_manager_direct_cfg: recevied direct cfg cmd: type=6, chl_id=1 client_id=2  rate=1024000, rsvd=0 0 0 0
[  176.363219] sensorhub_manager_send_msg: ret=0, response message cmd=2 resp=0
[  176.363252] [SENSOR_CORE] sensor sensor_core_direct_cfg client_id=4 client_name=ap_sensor_servi
[  176.363752] [SENSORHUB_MANAGER] sensorhub_manager_direct_cfg: recevied direct cfg cmd: type=-1, chl_id=3 client_id=4  rate=0, rsvd=0 0 0 0
[  176.364310] sensorhub_manager_send_msg: ret=0, response message cmd=2 resp=0
[  176.365513] [SENSOR_CORE] sensor sensor_core_direct_disconnect_channel client_id=4 client_name=ap_sensor_servi
[  176.365927] sensorhub_manager_send_msg: ret=0, response message cmd=3 resp=0
[  176.366242] [SENSOR_CORE] sensor_core_release client_id=4 client_name=ap_sensor_servi 
[  176.366500] [SENSOR_CORE] sensor client_free 
[  176.442612] brp_open: power on
[  176.444098] btd-pdomain btd-power-domain.0: power on pd-dsp
[  176.444469] brp 424fc000.dsp: open brp device
[  176.593613] [SENSOR_CORE] sensor sensor_core_open client_id=4 client_name=ap_sensor_servi
[  176.594090] [SENSOR_CORE] sensor sensor_core_direct_alloc_channel client_id=4 client_name=ap_sensor_servi
[  176.594379] [SENSOR_CORE] sensor alloc region name=sshub_ddr size=0x9d000! 
[  176.594678] [SENSOR_CORE] sensor sensor_core_direct_alloc_channel client_id=4 client_name=ap_sensor_servi
[  176.595095] [SENSOR_CORE] sensor alloc region name=sshub_sram size=0x7000! 
[  176.595546] [INFO](lq_create): lq:flick_raw_q is already created
[  176.595891] [SENSOR_CORE] sensor sensor_core_direct_connect_channel client_id=4 client_name=ap_sensor_servi
[  176.596432] sensorhub_manager_send_msg: ret=0, response message cmd=1 resp=0
[  176.597619] brp_open: power on
[  176.597754] [SENSOR_CORE] sensor sensor_core_direct_cfg client_id=4 client_name=ap_sensor_servi
[  176.597866] [SENSORHUB_MANAGER] sensorhub_manager_direct_cfg: recevied direct cfg cmd: type=13, chl_id=3 client_id=4  rate=276480, rsvd=0 0 0 0
[  176.598125] brp 424fc000.dsp: open brp device
[  176.598671] sensorhub_manager_send_msg: ret=0, response message cmd=2 resp=0
[  176.598924] [SENSOR_CORE] sensd sigio poll_in 
[  176.601153] [SENSOR_CORE] sensor sensor_core_direct_cfg client_id=4 client_name=ap_sensor_servi
[  176.601432] [SENSORHUB_MANAGER] sensorhub_manager_direct_cfg: recevied direct cfg cmd: type=14, chl_id=3 client_id=4  rate=276480, rsvd=0 0 0 0
[  176.602062] sensorhub_manager_send_msg: ret=0, response message cmd=2 resp=0
[  176.602382] [SENSOR_CORE] sensd sigio poll_in 
[  178.179319] brp 424fc000.dsp: close brp device
[  178.179998] brp_release: power off
[  178.181386] brp 424fc000.dsp: close brp device
[  178.182364] brp_release: power off
[  178.182509] btd-pdomain btd-power-domain.0: power off pd-dsp
[  178.335570] brp_open: power on
[  178.336736] btd-pdomain btd-power-domain.0: power on pd-dsp
[  178.337528] brp 424fc000.dsp: open brp device
[  178.469352] brp_open: power on
[  178.469895] brp 424fc000.dsp: open brp device
[  178.668147] brp_open: power on
[  178.668297] brp 424fc000.dsp: open brp device
[  196.992802] Previous task(2853:2852) is ongoing, wait here!
[  218.826204] Previous task(5785:5784) is ongoing, wait here!
[  222.680644] Previous task(6303:6302) is ongoing, wait here!
[  224.458101] Previous task(6538:6537) is ongoing, wait here!
[  225.624661] Previous task(6694:6693) is ongoing, wait here!
[  229.025355] Previous task(7105:7104) is ongoing, wait here!
[  232.769826] Previous task(7608:7607) is ongoing, wait here!
[  232.803326] Previous task(7612:7611) is ongoing, wait here!
[  239.981508] Previous task(8577:8576) is ongoing, wait here!
[  250.690931] Previous task(10006:10005) is ongoing, wait here!
[  250.701988] Previous task(10007:10006) is ongoing, wait here!
[  262.858031] Previous task(11645:11644) is ongoing, wait here!
[  272.013913] Previous task(12889:12888) is ongoing, wait here!
[  282.689268] Previous task(14320:14319) is ongoing, wait here!
[  282.791571] Previous task(14333:14332) is ongoing, wait here!
[  285.700311] Previous task(14723:14722) is ongoing, wait here!
[  288.420108] [info]: ipcdev_ioctl(411): ipc read command triggered
[  288.421168] tetras-ipcdev soc:im_ipc_1@1: ipc close command triggered
[  288.422719] im-pmctrl soc:im_pm_ctrl_1@1: [im_pm_ctrl_1]: isp power control power-dis start
[  288.423038] im-pmctrl soc:im_pm_ctrl_1@1: Chip im_pm_ctrl_1 power off! ref cnt 1
[  288.423321] im-pmctrl soc:im_pm_ctrl_1@1: [im_pm_ctrl_1]: isp power control power-dis done
[  288.444312] btd-pdomain btd-power-domain.5: power off pd-mipi-csi-rgb
[  288.839853] [info]: ipcdev_ioctl(411): ipc read command triggered
[  288.843000] tetras-ipcdev soc:im_ipc_0@0: ipc close command triggered
[  288.843734] im-pmctrl soc:im_pm_ctrl_0@0: [im_pm_ctrl_0]: isp power control power-dis start
[  288.843977] im-pmctrl soc:im_pm_ctrl_0@0: Chip im_pm_ctrl_0 power off! ref cnt 0
[  288.851959] im-pmctrl soc:im_pm_ctrl_0@0: Global dev power off. Operator im_pm_ctrl_0, ref cnt 0
[  288.854085] im-pmctrl soc:im_pm_ctrl_0@0: [im_pm_ctrl_0]: isp power control power-dis done
[  288.854344] im-pmctrl soc:im_pm_ctrl_1@1: [im_pm_ctrl_1]: tcxo level falling, high_count=1
[  288.854581] im-pmctrl soc:im_pm_ctrl_1@1: [im_pm_ctrl_1]: AI-ISP tcxo dis report!
[  288.857821] im-pmctrl soc:im_pm_ctrl_0@0: [im_pm_ctrl_0]: tcxo level falling, high_count=0
[  288.858088] im-pmctrl soc:im_pm_ctrl_0@0: [im_pm_ctrl_0]: AI-ISP tcxo dis report!
[  288.858205] btd-pdomain btd-power-domain.6: power off pd-isp-rgb
[  288.861804] [SENSOR_CORE] sensor sensor_core_direct_cfg client_id=1 client_name=T0C1-SensorRead
[  288.862942] [SENSORHUB_MANAGER] sensorhub_manager_direct_cfg: recevied direct cfg cmd: type=-1, chl_id=1 client_id=1  rate=0, rsvd=0 0 0 0
[  288.863537] sensorhub_manager_send_msg: ret=0, response message cmd=2 resp=0
[  288.863816] [SENSOR_CORE] sensor sensor_core_direct_disconnect_channel client_id=1 client_name=T0C1-SensorRead
[  288.864288] sensorhub_manager_send_msg: ret=0, response message cmd=3 resp=0
[  288.864582] [SENSOR_CORE] sensor sensor_core_direct_cfg client_id=3 client_name=T0C1-SensorRead
[  288.864855] [SENSORHUB_MANAGER] sensorhub_manager_direct_cfg: recevied direct cfg cmd: type=-1, chl_id=3 client_id=3  rate=0, rsvd=0 0 0 0
[  288.865436] sensorhub_manager_send_msg: ret=0, response message cmd=2 resp=0
[  288.865656] [SENSOR_CORE] sensd sigio poll_out 29
[  288.865815] [SENSOR_CORE] sensd sigio poll_out 29
[  288.866004] [SENSOR_CORE] sensor sensor_core_direct_disconnect_channel client_id=3 client_name=T0C1-SensorRead
[  288.866878] sensorhub_manager_send_msg: ret=0, response message cmd=3 resp=0
[  288.870251] [SENSOR_CORE] sensor_core_release client_id=1 client_name=T0C1-SensorRead 
[  288.870511] [SENSOR_CORE] sensor client_free 
[  288.870880] [SENSOR_CORE] sensor_core_release client_id=3 client_name=T0C1-SensorRead 
[  288.871210] [SENSOR_CORE] sensor client_free 
[  288.884390] btd-pdomain btd-power-domain.7: power off pd-mipi-csi-tx
[  288.894058] vivian_dpu 50360000.dpu: Disable all IRQs!
[  288.896421] Polling dpu status timeout(20)!
[  288.896642] vivian_dpu 50200000.dpu: Disable all IRQs!
[  288.898867] Polling dpu status timeout(20)!
[  288.899093] vivian_dpu 50360000.dpu: Disable all IRQs!
[  288.899320] vivian_dpu 50200000.dpu: Disable all IRQs!
[  288.899528] btd-pdomain btd-power-domain.4: power off pd-dpu
[  288.909993] mipi-dsi 43900000.dsitx_ss: stream off ret=0
[  288.910219] mipi-dsi 43900000.dsitx_ss: subsys power off
[  288.910385] btd-pdomain btd-power-domain.3: power off pd-mipi-dsi-tx
[  288.910614] mipi-dsi 43900000.dsitx_ss: power ctrl: off
[  288.910796] mipi-dsi 43880000.dsirx_ss: subsys power off
[  288.910969] btd-pdomain btd-power-domain.2: power off pd-mipi-dsi-rx
[  288.911288] mipi-dsi 43880000.dsirx_ss: power ctrl: off
[  319.956417] btd-pdomain btd-power-domain.6: power on pd-isp-rgb
[  319.969722] mipi-dsi 43900000.dsitx_ss: reset...
[  319.969951] mipi-dsi 43880000.dsirx_ss: do reset
[  319.980391] btd-pdomain btd-power-domain.3: power on pd-mipi-dsi-tx
[  319.980730] mipi-dsi 43900000.dsitx_ss: subsys power on
[  319.981008] mipi-dsi 43900000.dsitx_ss: power ctrl: on
[  319.984838] mipi-dsi 43900000.dsitx_ss: dsitx start ret=0
[  319.985046] mipi-dsi 43900000.dsitx_ss: stream on ret=0
[  319.985236] btd-pdomain btd-power-domain.2: power on pd-mipi-dsi-rx
[  319.985492] mipi-dsi 43880000.dsirx_ss: subsys power on
[  319.985805] mipi-dsi 43880000.dsirx_ss: power ctrl: on
[  319.991146] wait dsirx stop done!
[  319.991296] mipi-dsi 43880000.dsirx_ss: init done
[  319.991455] mipi-dsi 43880000.dsirx_ss: dsirx start ret=0
[  319.991712] btd-pdomain btd-power-domain.4: power on pd-dpu
[  319.992202] vivian_dpu 50360000.dpu: Turn on IRQ: 0x401c000, 0xffffff7f, 0xffffffff!
[  319.992565] vivian_dpu 50200000.dpu: Turn on IRQ: 0x401c000, 0xffffff7f, 0xffffffff!
vivianvst_dpu_ouc_set_scaler_out_size 494: output size unchanged!
[  319.993988] vivian_dpu 50360000.dpu: Turn on IRQ: 0x401c000, 0xffffff7f, 0xffffffff!
vivianvst_dpu_ouc_set_scaler_out_size 494: output size unchanged!
[  319.995201] vivian_dpu 50200000.dpu: Turn on IRQ: 0x401c000, 0xffffff7f, 0xffffffff!
[  320.163969] [SENSOR_CORE] sensor sensor_core_open client_id=1 client_name=T0C1-SensorRead
[  320.780219] [SENSOR_CORE] sensor sensor_core_direct_alloc_channel client_id=1 client_name=T0C1-SensorRead
[  320.780639] [SENSOR_CORE] sensor alloc region name=sshub_sram size=0x7000! 
[  320.786984] [INFO](lq_create): lq:imu_raw_q is already created
[  320.787276] [SENSOR_CORE] sensor sensor_core_direct_connect_channel client_id=1 client_name=T0C1-SensorRead
[  320.788221] sensorhub_manager_send_msg: ret=0, response message cmd=1 resp=0
[  320.789463] [SENSOR_CORE] sensor sensor_core_open client_id=3 client_name=T0C1-SensorRead
[  320.789887] [SENSOR_CORE] sensor sensor_core_direct_alloc_channel client_id=3 client_name=T0C1-SensorRead
[  320.790174] [SENSOR_CORE] sensor alloc region name=sshub_ddr size=0x9d000! 
[  320.790800] [SENSOR_CORE] sensor sensor_core_direct_alloc_channel client_id=3 client_name=T0C1-SensorRead
[  320.791115] [SENSOR_CORE] sensor alloc region name=sshub_sram size=0x7000! 
[  320.791394] [INFO](lq_create): lq:flick_raw_q is already created
[  320.791986] [SENSOR_CORE] sensor sensor_core_direct_connect_channel client_id=3 client_name=T0C1-SensorRead
[  320.792539] sensorhub_manager_send_msg: ret=0, response message cmd=1 resp=0
[  320.794680] [sensorhub] Received calibration data (*1000000): 5279 999964 -8703 -939119 8151 336311 336943 6139 937707 510 -32113 -20687
[  320.797917] [sensorhub] ACC calibration data sent
[  320.798101] [SENSOR_CORE] sensor sensor_core_direct_cfg client_id=1 client_name=T0C1-SensorRead
[  320.798367] [SENSORHUB_MANAGER] sensorhub_manager_direct_cfg: recevied direct cfg cmd: type=1, chl_id=1 client_id=1  rate=1024000, rsvd=0 0 0 0
[  320.798999] sensorhub_manager_send_msg: ret=0, response message cmd=2 resp=0
[  320.800427] [sensorhub] Received calibration data (*1000000): 3190 998807 -8682 -936764 8621 339580 334307 7080 941067 19177 9643 -5372
[  320.801362] [sensorhub] GYR calibration data sent
[  320.801564] [SENSOR_CORE] sensor sensor_core_direct_cfg client_id=1 client_name=T0C1-SensorRead
[  320.801981] [SENSORHUB_MANAGER] sensorhub_manager_direct_cfg: recevied direct cfg cmd: type=2, chl_id=1 client_id=1  rate=1024000, rsvd=0 0 0 0
[  320.805079] sensorhub_manager_send_msg: ret=0, response message cmd=2 resp=0
[  320.805551] [SENSOR_CORE] sensor sensor_core_direct_cfg client_id=3 client_name=T0C1-SensorRead
[  320.805945] [SENSORHUB_MANAGER] sensorhub_manager_direct_cfg: recevied direct cfg cmd: type=13, chl_id=3 client_id=3  rate=276480, rsvd=0 64 16666 0
[  320.808624] sensorhub_manager_send_msg: ret=0, response message cmd=2 resp=0
[  320.810275] [SENSOR_CORE] sensd sigio poll_in 
[  320.810483] [SENSOR_CORE] sensor sensor_core_direct_cfg client_id=3 client_name=T0C1-SensorRead
[  320.810744] [SENSORHUB_MANAGER] sensorhub_manager_direct_cfg: recevied direct cfg cmd: type=14, chl_id=3 client_id=3  rate=276480, rsvd=32768008 0 0 0
[  320.811429] sensorhub_manager_send_msg: ret=0, response message cmd=2 resp=0
[  320.811751] [SENSOR_CORE] sensd sigio poll_in 
[  320.867107] btd-pdomain btd-power-domain.7: power on pd-mipi-csi-tx
[  321.098578] im-pmctrl soc:im_pm_ctrl_1@1: [im_pm_ctrl_1]: isp power control power-dis start
[  321.098854] im-pmctrl soc:im_pm_ctrl_1@1: [im_pm_ctrl_1]: isp power control power-dis done
[  321.099126] im-pmctrl soc:im_pm_ctrl_1@1: [im_pm_ctrl_1]: isp power control power-en start
[  321.102082] im-pmctrl soc:im_pm_ctrl_1@1: Global dev power on. Operator im_pm_ctrl_1, ref cnt 1
[  321.105337] im-pmctrl soc:im_pm_ctrl_1@1: [im_pm_ctrl_1]: isp power control power-en done
[  321.105969] im-pmctrl soc:im_pm_ctrl_1@1: [im_pm_ctrl_1]: isp power control reset start
[  321.107650] im-pmctrl soc:im_pm_ctrl_1@1: [im_pm_ctrl_1]: isp power control reset done
[  321.108014] im-pmctrl soc:im_pm_ctrl_1@1: [im_pm_ctrl_1]: tcxo level rising, high_count=1
[  321.108251] im-pmctrl soc:im_pm_ctrl_1@1: [im_pm_ctrl_1]: AI-ISP tcxo en report!
[  321.113149] im-pmctrl soc:im_pm_ctrl_1@1: [im_pm_ctrl_1]: isp power control de-reset start
[  321.130021] im-pmctrl soc:im_pm_ctrl_1@1: [im_pm_ctrl_1]: isp power control de-reset done
[  321.131269] tetras-ipcdev soc:im_ipc_1@1: ipc open command triggered
[  321.131464] [info]: ipcdev_ioctl(411): ipc read command triggered
[  322.226703] btd-pdomain btd-power-domain.5: power on pd-mipi-csi-rgb
[  323.470383] im-pmctrl soc:im_pm_ctrl_0@0: [im_pm_ctrl_0]: isp power control power-dis start
[  323.473043] im-pmctrl soc:im_pm_ctrl_0@0: [im_pm_ctrl_0]: isp power control power-dis done
[  323.473350] im-pmctrl soc:im_pm_ctrl_0@0: [im_pm_ctrl_0]: isp power control power-en start
[  323.474046] im-pmctrl soc:im_pm_ctrl_0@0: Chip im_pm_ctrl_0 power on! ref cnt 2
[  323.474314] im-pmctrl soc:im_pm_ctrl_0@0: [im_pm_ctrl_0]: isp power control power-en done
[  323.474588] im-pmctrl soc:im_pm_ctrl_0@0: [im_pm_ctrl_0]: isp power control reset start
[  323.474878] im-pmctrl soc:im_pm_ctrl_0@0: [im_pm_ctrl_0]: isp power control reset done
[  323.475193] im-pmctrl soc:im_pm_ctrl_0@0: [im_pm_ctrl_0]: tcxo level rising, high_count=2
[  323.475426] im-pmctrl soc:im_pm_ctrl_0@0: [im_pm_ctrl_0]: AI-ISP tcxo en report!
[  323.481203] im-pmctrl soc:im_pm_ctrl_0@0: [im_pm_ctrl_0]: isp power control de-reset start
[  323.497319] im-pmctrl soc:im_pm_ctrl_0@0: [im_pm_ctrl_0]: isp power control de-reset done
[  323.499017] tetras-ipcdev soc:im_ipc_0@0: ipc open command triggered
[  323.499237] [info]: ipcdev_ioctl(411): ipc read command triggered
[  325.166796] Previous task(121:120) is ongoing, wait here!
[  325.434769] Previous task(153:152) is ongoing, wait here!
[  344.278120] Refresh FRA info done!
[  344.338825] vivian_dpu 50200000.dpu: FRA adjust done!
[  344.411867] Refresh FRA info done!
[  344.473608] vivian_dpu 50200000.dpu: FRA adjust done!
[  344.513381] Refresh FRA info done!
[  344.576236] vivian_dpu 50200000.dpu: FRA adjust done!
[  344.616302] Refresh FRA info done!
[  344.679260] vivian_dpu 50200000.dpu: FRA adjust done!
[  344.696861] Refresh FRA info done!
[  344.760741] vivian_dpu 50200000.dpu: FRA adjust done!
[  344.778469] Refresh FRA info done!
[  344.843079] vivian_dpu 50200000.dpu: FRA adjust done!
[  344.921081] Refresh FRA info done!
[  344.985692] vivian_dpu 50200000.dpu: FRA adjust done!
[  345.028695] Refresh FRA info done!
[  345.094250] vivian_dpu 50200000.dpu: FRA adjust done!
[  345.113346] Refresh FRA info done!
[  345.179660] vivian_dpu 50200000.dpu: FRA adjust done!
[  345.198995] Refresh FRA info done!
[  345.266097] vivian_dpu 50200000.dpu: FRA adjust done!
[  345.285836] Refresh FRA info done!
[  345.353427] vivian_dpu 50200000.dpu: FRA adjust done!
[  345.398734] Refresh FRA info done!
[  345.467297] vivian_dpu 50200000.dpu: FRA adjust done!
[  345.500695] Refresh FRA info done!
[  345.570095] vivian_dpu 50200000.dpu: FRA adjust done!
[  345.603588] Refresh FRA info done!
[  345.673738] vivian_dpu 50200000.dpu: FRA adjust done!
[  345.708095] Refresh FRA info done!
[  345.778915] vivian_dpu 50200000.dpu: FRA adjust done!
[  345.813576] Refresh FRA info done!
[  345.885615] vivian_dpu 50200000.dpu: FRA adjust done!
[  345.908000] Refresh FRA info done!
[  345.980647] vivian_dpu 50200000.dpu: FRA adjust done!
[  346.002877] Refresh FRA info done!
[  346.076466] vivian_dpu 50200000.dpu: FRA adjust done!
[  346.585298] Previous task(2824:2823) is ongoing, wait here!
[  346.709208] Refresh FRA info done!
[  346.738511] Previous task(2840:2839) is ongoing, wait here!
[  346.784171] vivian_dpu 50200000.dpu: FRA adjust done!
[  346.833572] Refresh FRA info done!
[  346.907673] vivian_dpu 50200000.dpu: FRA adjust done!
[  346.929159] Refresh FRA info done!
[  347.002634] vivian_dpu 50200000.dpu: FRA adjust done!
[  347.023220] Refresh FRA info done!
[  347.095515] vivian_dpu 50200000.dpu: FRA adjust done!
[  347.116402] Refresh FRA info done!
[  347.187464] vivian_dpu 50200000.dpu: FRA adjust done!
[  347.207871] Refresh FRA info done!
[  347.278305] vivian_dpu 50200000.dpu: FRA adjust done!
[  347.311421] Refresh FRA info done!
[  347.381019] vivian_dpu 50200000.dpu: FRA adjust done!
[  347.413536] Refresh FRA info done!
[  347.482217] vivian_dpu 50200000.dpu: FRA adjust done!
[  347.514238] Refresh FRA info done!
[  347.582079] vivian_dpu 50200000.dpu: FRA adjust done!
[  347.613937] Refresh FRA info done!
[  347.680757] vivian_dpu 50200000.dpu: FRA adjust done!
[  347.713775] Refresh FRA info done!
[  347.778438] vivian_dpu 50200000.dpu: FRA adjust done!
[  347.809109] Refresh FRA info done!
[  347.874709] vivian_dpu 50200000.dpu: FRA adjust done!
[  347.916801] Refresh FRA info done!
[  347.981899] vivian_dpu 50200000.dpu: FRA adjust done!
[  348.011561] Refresh FRA info done!
[  348.075921] vivian_dpu 50200000.dpu: FRA adjust done!
[  348.116891] Refresh FRA info done!
[  348.180498] vivian_dpu 50200000.dpu: FRA adjust done!
[  348.209562] Refresh FRA info done!
[  348.272479] vivian_dpu 50200000.dpu: FRA adjust done!
[  348.312430] Refresh FRA info done!
[  348.374762] vivian_dpu 50200000.dpu: FRA adjust done!
[  348.414357] Refresh FRA info done!
[  348.475886] vivian_dpu 50200000.dpu: FRA adjust done!
[  353.503930] Refresh FRA info done!
[  353.565484] vivian_dpu 50200000.dpu: FRA adjust done!
[  353.581893] Refresh FRA info done!
[  353.643193] vivian_dpu 50200000.dpu: FRA adjust done!
[  353.683383] Refresh FRA info done!
[  353.745550] vivian_dpu 50200000.dpu: FRA adjust done!
[  353.774764] Refresh FRA info done!
[  353.837399] vivian_dpu 50200000.dpu: FRA adjust done!
[  353.924886] Refresh FRA info done!
[  353.988614] vivian_dpu 50200000.dpu: FRA adjust done!
[  354.030233] Refresh FRA info done!
[  354.094375] vivian_dpu 50200000.dpu: FRA adjust done!
[  354.136822] Refresh FRA info done!
[  354.201910] vivian_dpu 50200000.dpu: FRA adjust done!
[  354.244617] Refresh FRA info done!
[  354.309804] vivian_dpu 50200000.dpu: FRA adjust done!
[  354.341194] Refresh FRA info done!
[  354.407447] vivian_dpu 50200000.dpu: FRA adjust done!
[  354.426910] Refresh FRA info done!
[  354.494111] vivian_dpu 50200000.dpu: FRA adjust done!
[  354.515476] Refresh FRA info done!
[  354.581396] vivian_dpu 50200000.dpu: FRA adjust done!
[  354.613945] Refresh FRA info done!
[  354.682730] vivian_dpu 50200000.dpu: FRA adjust done!
[  354.716013] Refresh FRA info done!
[  354.784992] vivian_dpu 50200000.dpu: FRA adjust done!
[  354.805969] Refresh FRA info done!
[  354.875939] vivian_dpu 50200000.dpu: FRA adjust done!
[  354.910046] Refresh FRA info done!
[  354.981183] vivian_dpu 50200000.dpu: FRA adjust done!
[  355.015720] Refresh FRA info done!
[  355.087794] vivian_dpu 50200000.dpu: FRA adjust done!
[  355.109535] Refresh FRA info done!
[  355.182376] vivian_dpu 50200000.dpu: FRA adjust done!
[  355.204532] Refresh FRA info done!
[  355.278181] vivian_dpu 50200000.dpu: FRA adjust done!
[  355.300764] Refresh FRA info done!
[  355.375436] vivian_dpu 50200000.dpu: FRA adjust done!
[  355.397512] Refresh FRA info done!
[  355.471267] vivian_dpu 50200000.dpu: FRA adjust done!
[  355.533409] Refresh FRA info done!
[  355.606428] vivian_dpu 50200000.dpu: FRA adjust done!
[  355.627648] Refresh FRA info done!
[  355.700172] vivian_dpu 50200000.dpu: FRA adjust done!
[  355.720822] Refresh FRA info done!
[  355.791787] vivian_dpu 50200000.dpu: FRA adjust done!
[  355.851429] Refresh FRA info done!
[  355.921538] vivian_dpu 50200000.dpu: FRA adjust done!
[  355.942993] Refresh FRA info done!
[  356.011281] vivian_dpu 50200000.dpu: FRA adjust done!
[  356.056526] Refresh FRA info done!
[  356.125287] vivian_dpu 50200000.dpu: FRA adjust done!
[  356.144955] Refresh FRA info done!
[  356.212701] vivian_dpu 50200000.dpu: FRA adjust done!
[  356.269153] Refresh FRA info done!
[  356.336617] vivian_dpu 50200000.dpu: FRA adjust done!
[  356.355106] Refresh FRA info done!
[  356.421556] vivian_dpu 50200000.dpu: FRA adjust done!
[  356.440309] Refresh FRA info done!
[  356.505919] vivian_dpu 50200000.dpu: FRA adjust done!
[  356.524216] Refresh FRA info done!
[  356.589058] vivian_dpu 50200000.dpu: FRA adjust done!
[  356.619043] Refresh FRA info done!
[  356.683214] vivian_dpu 50200000.dpu: FRA adjust done!
[  356.724243] Refresh FRA info done!
[  356.787828] vivian_dpu 50200000.dpu: FRA adjust done!
[  356.839981] Refresh FRA info done!
[  356.902721] vivian_dpu 50200000.dpu: FRA adjust done!
[  356.920025] Refresh FRA info done!
[  356.982280] vivian_dpu 50200000.dpu: FRA adjust done!
[  357.035126] Refresh FRA info done!
[  357.095457] vivian_dpu 50200000.dpu: FRA adjust done!
[  365.329750] brp 424fc000.dsp: close brp device
[  365.329921] brp_release: power off
[  365.330951] brp 424fc000.dsp: close brp device
[  365.331088] brp_release: power off
[  365.331405] brp 424fc000.dsp: close brp device
[  365.331625] brp_release: power off
[  365.331744] btd-pdomain btd-power-domain.0: power off pd-dsp
[  365.409363] brp_open: power on
[  365.410144] btd-pdomain btd-power-domain.0: power on pd-dsp
[  365.410496] brp 424fc000.dsp: open brp device
[  365.567255] brp_open: power on
[  365.567401] brp 424fc000.dsp: open brp device
[  379.654600] Previous task(4986:4985) is ongoing, wait here!
[  379.689500] Previous task(4990:4989) is ongoing, wait here!
[  380.602303] brp 424fc000.dsp: close brp device
[  380.602485] brp_release: power off
[  380.603341] brp 424fc000.dsp: close brp device
[  380.603607] brp_release: power off
[  380.603735] btd-pdomain btd-power-domain.0: power off pd-dsp
[  380.698865] brp_open: power on
[  380.701937] btd-pdomain btd-power-domain.0: power on pd-dsp
[  380.702319] brp 424fc000.dsp: open brp device
[  380.829531] brp_open: power on
[  380.829755] brp 424fc000.dsp: open brp device
[  380.998590] brp_open: power on
[  380.998742] brp 424fc000.dsp: open brp device
[  387.100557] Previous task(5984:5983) is ongoing, wait here!
[  388.954724] Previous task(6232:6231) is ongoing, wait here!
[  392.747343] vivian_dpu 50360000.dpu: Disable all IRQs!
[  392.749621] Polling dpu status timeout(20)!
[  392.749843] vivian_dpu 50200000.dpu: Disable all IRQs!
[  392.751956] Polling dpu status timeout(20)!
[  392.752235] vivian_dpu 50360000.dpu: Disable all IRQs!
[  392.752465] vivian_dpu 50200000.dpu: Disable all IRQs!
[  392.752669] btd-pdomain btd-power-domain.4: power off pd-dpu
[  392.763132] mipi-dsi 43900000.dsitx_ss: stream off ret=0
[  392.764037] mipi-dsi 43900000.dsitx_ss: subsys power off
[  392.764253] btd-pdomain btd-power-domain.3: power off pd-mipi-dsi-tx
[  392.764478] mipi-dsi 43900000.dsitx_ss: power ctrl: off
[  392.764658] mipi-dsi 43880000.dsirx_ss: subsys power off
[  392.764849] btd-pdomain btd-power-domain.2: power off pd-mipi-dsi-rx
[  392.765064] mipi-dsi 43880000.dsirx_ss: power ctrl: off
[  393.303300] [info]: ipcdev_ioctl(411): ipc read command triggered
[  393.304091] tetras-ipcdev soc:im_ipc_1@1: ipc close command triggered
[  393.304441] im-pmctrl soc:im_pm_ctrl_1@1: [im_pm_ctrl_1]: isp power control power-dis start
[  393.304689] im-pmctrl soc:im_pm_ctrl_1@1: Chip im_pm_ctrl_1 power off! ref cnt 1
[  393.306383] im-pmctrl soc:im_pm_ctrl_1@1: [im_pm_ctrl_1]: isp power control power-dis done
[  393.329779] btd-pdomain btd-power-domain.5: power off pd-mipi-csi-rgb
[  393.662579] [info]: ipcdev_ioctl(411): ipc read command triggered
[  393.663875] tetras-ipcdev soc:im_ipc_0@0: ipc close command triggered
[  393.664243] im-pmctrl soc:im_pm_ctrl_0@0: [im_pm_ctrl_0]: isp power control power-dis start
[  393.664547] im-pmctrl soc:im_pm_ctrl_0@0: Chip im_pm_ctrl_0 power off! ref cnt 0
[  393.670524] im-pmctrl soc:im_pm_ctrl_0@0: Global dev power off. Operator im_pm_ctrl_0, ref cnt 0
[  393.670868] im-pmctrl soc:im_pm_ctrl_0@0: [im_pm_ctrl_0]: isp power control power-dis done
[  393.671128] im-pmctrl soc:im_pm_ctrl_0@0: [im_pm_ctrl_0]: tcxo level falling, high_count=1
[  393.671371] im-pmctrl soc:im_pm_ctrl_0@0: [im_pm_ctrl_0]: AI-ISP tcxo dis report!
[  393.674708] im-pmctrl soc:im_pm_ctrl_1@1: [im_pm_ctrl_1]: tcxo level falling, high_count=0
[  393.674992] im-pmctrl soc:im_pm_ctrl_1@1: [im_pm_ctrl_1]: AI-ISP tcxo dis report!
[  393.679017] btd-pdomain btd-power-domain.6: power off pd-isp-rgb
[  393.689045] [SENSOR_CORE] sensor sensor_core_direct_cfg client_id=1 client_name=T0C1-SensorRead
[  393.689308] [SENSORHUB_MANAGER] sensorhub_manager_direct_cfg: recevied direct cfg cmd: type=-1, chl_id=1 client_id=1  rate=0, rsvd=0 0 0 0
[  393.690039] sensorhub_manager_send_msg: ret=0, response message cmd=2 resp=0
[  393.691482] [SENSOR_CORE] sensor sensor_core_direct_disconnect_channel client_id=1 client_name=T0C1-SensorRead
[  393.691876] sensorhub_manager_send_msg: ret=0, response message cmd=3 resp=0
[  393.692193] [SENSOR_CORE] sensor sensor_core_direct_cfg client_id=3 client_name=T0C1-SensorRead
[  393.692440] [SENSORHUB_MANAGER] sensorhub_manager_direct_cfg: recevied direct cfg cmd: type=-1, chl_id=3 client_id=3  rate=0, rsvd=0 0 0 0
[  393.695121] sensorhub_manager_send_msg: ret=0, response message cmd=2 resp=0
[  393.695353] [SENSOR_CORE] sensd sigio poll_out 29
[  393.695503] [SENSOR_CORE] sensd sigio poll_out 29
[  393.695687] [SENSOR_CORE] sensor sensor_core_direct_disconnect_channel client_id=3 client_name=T0C1-SensorRead
[  393.696170] sensorhub_manager_send_msg: ret=0, response message cmd=3 resp=0
[  393.696552] [SENSOR_CORE] sensor_core_release client_id=1 client_name=T0C1-SensorRead 
[  393.697082] [SENSOR_CORE] sensor client_free 
[  393.697305] [SENSOR_CORE] sensor_core_release client_id=3 client_name=T0C1-SensorRead 
[  393.697540] [SENSOR_CORE] sensor client_free 
[  393.709014] btd-pdomain btd-power-domain.7: power off pd-mipi-csi-tx
[  512.726604] brp 424fc000.dsp: close brp device
[  512.726887] brp_release: power off
[  512.727737] brp 424fc000.dsp: close brp device
[  512.727868] brp_release: power off
[  512.728074] brp 424fc000.dsp: close brp device
[  512.728344] brp_release: power off
[  512.728546] btd-pdomain btd-power-domain.0: power off pd-dsp
I0318 12:16:44.937680   403 unified_driver.cc:321] Powering off NPU, and PID is 240
[  513.218522] [SENSOR_CORE] sensor sensor_core_direct_disconnect_channel client_id=5 client_name=TrackingService
[  513.219090] sensorhub_manager_send_msg: ret=0, response message cmd=3 resp=0
[  513.219369] [SENSOR_CORE] sensor_core_release client_id=5 client_name=TrackingService 
[  513.219604] [SENSOR_CORE] sensor client_free 
[  513.704336] btd-pdomain btd-power-domain.8: power off pd-mipi-csi-mono
[  514.719379] btd-pdomain btd-power-domain.1: power off pd-npu
[  515.730357] [SENSOR_CORE] sensor sensor_core_direct_cfg client_id=2 client_name=TrackingService
[  515.730605] [SENSORHUB_MANAGER] sensorhub_manager_direct_cfg: recevied direct cfg cmd: type=-1, chl_id=1 client_id=2  rate=0, rsvd=0 0 0 0
[  515.731934] sensorhub_manager_send_msg: ret=0, response message cmd=2 resp=0
[  515.732155] [SENSOR_CORE] sensor sensor_core_direct_disconnect_channel client_id=2 client_name=TrackingService
[  515.732545] sensorhub_manager_send_msg: ret=0, response message cmd=3 resp=0
[  515.732833] [SENSOR_CORE] sensor_core_release client_id=2 client_name=TrackingService 
[  515.733057] [SENSOR_CORE] sensor s_mem_buf_free chl_id=1
[  515.733215] [SENSOR_CORE] sensor client_free 
[  515.737270] [SENSOR_CORE] sensor sensor_core_direct_cfg client_id=4 client_name=ap_sensor_servi
[  515.737515] [SENSORHUB_MANAGER] sensorhub_manager_direct_cfg: recevied direct cfg cmd: type=13, chl_id=3 client_id=4  rate=0, rsvd=0 0 0 0
[  515.738192] sensorhub_manager_send_msg: ret=0, response message cmd=2 resp=0
[  515.740459] [SENSOR_CORE] sensor sensor_core_direct_cfg client_id=4 client_name=ap_sensor_servi
[  515.740721] [SENSORHUB_MANAGER] sensorhub_manager_direct_cfg: recevied direct cfg cmd: type=14, chl_id=3 client_id=4  rate=0, rsvd=0 0 0 0
[  515.741302] sensorhub_manager_send_msg: ret=0, response message cmd=2 resp=0
[  515.748424] [SENSOR_CORE] sensor sensor_core_direct_cfg client_id=4 client_name=ap_sensor_servi
[  515.748666] [SENSORHUB_MANAGER] sensorhub_manager_direct_cfg: recevied direct cfg cmd: type=-1, chl_id=3 client_id=4  rate=0, rsvd=0 0 0 0
[  515.749191] sensorhub_manager_send_msg: ret=0, response message cmd=2 resp=0
[  515.750096] [SENSOR_CORE] sensor sensor_core_direct_disconnect_channel client_id=4 client_name=ap_sensor_servi
[  515.750487] sensorhub_manager_send_msg: ret=0, response message cmd=3 resp=0
[  515.750739] [SENSOR_CORE] sensor_core_release client_id=4 client_name=ap_sensor_servi 
[  515.750960] [SENSOR_CORE] sensor s_mem_buf_free chl_id=2
[  515.751117] [SENSOR_CORE] sensor s_mem_buf_free chl_id=3
[  515.751270] [SENSOR_CORE] sensor client_free 
[  518.374370] suspend the power domain device: 40919000.camera_mcu
[  518.374544] Before Poll sleep STAR1_SW_IRQ = 0x00000000
[  518.374697] disable camera mcu clk
[  518.374801] After camera_runtime_suspend STAR1_SW_IRQ = 0x00000000
[  518.374981] btd-pdomain btd-power-domain.9: power off pd-sh-star1
[  518.375196] camera mcu device closed, ret:0, from:243.
[  518.392690] PM: suspend entry (deep)
[  518.392903] Filesystems sync: 0.000 seconds
[  518.396428] Freezing user space processes ... 
[  518.397021] dpu_event_dequeue(4000) failed with -512!
[  518.397261] dpu_event_dequeue(4000000) failed with -512!
[  518.397394] dpu_event_dequeue(8000) failed with -512!
[  518.397482] dpu_event_dequeue(4000000) failed with -512!
[  518.397612] dpu_event_dequeue(ffffffff) failed with -512!
[  518.397898] dpu_event_dequeue(4000) failed with -512!
[  518.398061] dpu_event_dequeue(8000) failed with -512!
[  518.398223] dpu_event_dequeue(ffffffff) failed with -512!
[  518.398862] (elapsed 0.002 seconds) done.
[  518.399009] OOM killer disabled.
[  518.399113] Freezing remaining freezable tasks ... (elapsed 0.002 seconds) done.
[  518.407851] sensorhub_manager 40a03000.sensorhub: Sensor Hub suspending...
[  518.408051] [sensorhub] sensorhub_debug_trigger_core_only_reset send out
[  518.410624] btd_vivian-pinctrl 400.pinctrl: btd_pmx_set_mux: func[0] group[1]
[  518.410987] bytedance power device suspend, suspend count: 1
[  518.411155] notify ap vivian sleep status via pl320
[  518.413879] vivian_msi_heartbeat 42e01000.vivian_msi_heartbeat: hrtimer num:24434,msi mask cfg changed(last:unmask,now:mask)
[  518.414177] vivian_msi_heartbeat 42e01000.vivian_msi_heartbeat: [1/2]curr CANNOT trigger msi ht(linkup,mask)
[  518.414437] vivian_msi_heartbeat 42e01000.vivian_msi_heartbeat: [2/2]num(timer:24434,lnkdw:0,mask:65,trig:24369),diff_ms:20(curr:518413,lasttrig:518393)
[  518.422089] dw_spi_mmio 40d07000.spi: spi mmio suspend
[  518.422294] btd_vivian-pinctrl 400.pinctrl: btd_pmx_set_mux: func[3] group[3]
[  518.422711] dw_spi_mmio 40d06000.spi: spi mmio suspend
[  518.422905] btd_vivian-pinctrl 400.pinctrl: btd_pmx_set_mux: func[3] group[2]
[  518.431271] vivian_msi_heartbeat 42e01000.vivian_msi_heartbeat: msi heartbeat suspend
[  518.437336] btd-pdomain btd-power-domain.10: power off pd-debugss
[  518.439102] Disabling non-boot CPUs ...
[  518.440722] psci: CPU1 killed (polled 4 ms)
[  518.442628] psci: CPU2 killed (polled 0 ms)
[  518.444382] psci: CPU3 killed (polled 0 ms)
[  518.446054] psci: CPU4 killed (polled 0 ms)
[  518.447663] psci: CPU5 killed (polled 0 ms)
[  518.449198] psci: CPU6 killed (polled 0 ms)
[  518.450779] psci: CPU7 killed (polled 0 ms)
[ 7994.572193] Enabling non-boot CPUs ...
[ 7994.572598] Detected VIPT I-cache on CPU1
[ 7994.572759] GICv3: CPU1: found redistributor 100 region 0:0x0000000040460000
[ 7994.573005] CPU1: Booted secondary processor 0x0000000100 [0x412fd050]
[ 7994.573205] DFX_IRQ_MON: IRQs-off too long detected: 12451440 ns, Task: swapper/1, IP: ffffffc010111bb8, Parent IP: ffffffc0101118d4 !!!
[ 7994.573215] CPU: 1 PID: 0 Comm: swapper/1 Not tainted 5.10.162-00447-g0389e85ab28c #2
[ 7994.573759] Hardware name: Bytedance Vivian ASIC SWAN Board (DT)
[ 7994.573929] Call trace:
[ 7994.574015]  dump_backtrace+0x0/0x1f0
[ 7994.574124]  show_stack+0x20/0x30
[ 7994.574223]  dump_stack_lvl+0xe8/0x120
[ 7994.574329]  dump_stack+0x18/0x54
[ 7994.574434]  dfx_hard_irq_enable_cb+0x134/0x140
[ 7994.574564]  trace_hardirqs_on+0x1e0/0x230
[ 7994.574685]  secondary_start_kernel+0x12c/0x180
[ 7994.575984] CPU1 is up
[ 7994.576275] Detected VIPT I-cache on CPU2
[ 7994.576407] GICv3: CPU2: found redistributor 200 region 0:0x0000000040480000
[ 7994.576628] CPU2: Booted secondary processor 0x0000000200 [0x412fd050]
[ 7994.577799] CPU2 is up
[ 7994.578054] Detected VIPT I-cache on CPU3
[ 7994.578186] GICv3: CPU3: found redistributor 300 region 0:0x00000000404a0000
[ 7994.578412] CPU3: Booted secondary processor 0x0000000300 [0x412fd050]
[ 7994.579572] CPU3 is up
[ 7994.579831] Detected VIPT I-cache on CPU4
[ 7994.579963] GICv3: CPU4: found redistributor 400 region 0:0x00000000404c0000
[ 7994.580188] CPU4: Booted secondary processor 0x0000000400 [0x412fd050]
[ 7994.581489] CPU4 is up
[ 7994.581746] Detected VIPT I-cache on CPU5
[ 7994.581881] GICv3: CPU5: found redistributor 500 region 0:0x00000000404e0000
[ 7994.582106] CPU5: Booted secondary processor 0x0000000500 [0x412fd050]
[ 7994.583408] CPU5 is up
[ 7994.583655] Detected VIPT I-cache on CPU6
[ 7994.583784] GICv3: CPU6: found redistributor 600 region 0:0x0000000040500000
[ 7994.584005] CPU6: Booted secondary processor 0x0000000600 [0x412fd050]
[ 7994.585334] CPU6 is up
[ 7994.585604] Detected VIPT I-cache on CPU7
[ 7994.585736] GICv3: CPU7: found redistributor 700 region 0:0x0000000040520000
[ 7994.585958] CPU7: Booted secondary processor 0x0000000700 [0x412fd050]
[ 7994.587294] CPU7 is up
[ 7994.588211] btd-pdomain btd-power-domain.10: power on pd-debugss
[ 7994.588430] btd-pdomain btd-power-domain.1: power on pd-npu
[ 7994.588742] btd-pdomain btd-power-domain.4: power on pd-dpu
[ 7994.589196] btd-pdomain btd-power-domain.6: power on pd-isp-rgb
[ 7994.589690] btd-pdomain btd-power-domain.3: power on pd-mipi-dsi-tx
[ 7994.589941] btd-pdomain btd-power-domain.2: power on pd-mipi-dsi-rx
[ 7994.590184] btd-pdomain btd-power-domain.8: power on pd-mipi-csi-mono
[ 7994.590583] PM: genpd_resume_noirq: pd-sh-star1, skip resume
[ 7994.591563] btd-pdomain btd-power-domain.5: power on pd-mipi-csi-rgb
[ 7994.591959] btd-pdomain btd-power-domain.7: power on pd-mipi-csi-tx
[ 7994.592596] PM: genpd_resume_noirq: pd-dsp, skip resume
[ 7994.594671] vivian_msi_heartbeat 42e01000.vivian_msi_heartbeat: msi heartbeat resume
[ 7994.598975] dw_spi_mmio 40d06000.spi: spi mmio resume
[ 7994.599210] btd_vivian-pinctrl 400.pinctrl: btd_pmx_set_mux: func[3] group[2]
[ 7994.599695] dw_spi_mmio 40d07000.spi: spi mmio resume
[ 7994.599917] btd_vivian-pinctrl 400.pinctrl: btd_pmx_set_mux: func[3] group[3]
[ 7994.600627] bytedance power device resume, resume count: 1
[ 7994.615059] vivian_msi_heartbeat 42e01000.vivian_msi_heartbeat: hrtimer num:1,msi mask cfg changed(last:mask,now:unmask)
[ 7994.649270] hotplug_drv hmd-hotplug: hotplug resume
[ 7994.649853] btd_vivian-pinctrl 400.pinctrl: btd_pmx_set_mux: func[0] group[1]
[ 7994.701158] hotplug_drv hmd-hotplug: hmd state=2 (presnt=0, plugout=0)
[ 7994.702167] sensorhub_manager 40a03000.sensorhub: Sensorhub resuming...
[ 7994.702366] sensorhub_manager 40a03000.sensorhub: sensorhub_exception_core_only_reset_bh
[ 7994.707744] OOM killer enabled.
[ 7994.707846] Restarting tasks ... 
[ 7994.707966] btd-pdomain btd-power-domain.7: power off pd-mipi-csi-tx
[ 7994.708283] btd-pdomain btd-power-domain.5: power off pd-mipi-csi-rgb
[ 7994.708613] btd-pdomain btd-power-domain.8: power off pd-mipi-csi-mono
[ 7994.708855] btd-pdomain btd-power-domain.2: power off pd-mipi-dsi-rx
[ 7994.709072] btd-pdomain btd-power-domain.3: power off pd-mipi-dsi-tx
[ 7994.709320] btd-pdomain btd-power-domain.6: power off pd-isp-rgb
[ 7994.709542] btd-pdomain btd-power-domain.4: power off pd-dpu
[ 7994.709763] btd-pdomain btd-power-domain.1: power off pd-npu
[ 7994.710969] done.
[ 7994.711333] Resume cause unknown
[ 7994.711512] PM: suspend exit
[ 7994.711990] mipi-dsi 43900000.dsitx_ss: reset...
[ 7994.712175] mipi-dsi 43880000.dsirx_ss: do reset
[ 7994.722569] btd-pdomain btd-power-domain.3: power on pd-mipi-dsi-tx
[ 7994.722979] mipi-dsi 43900000.dsitx_ss: subsys power on
[ 7994.723229] mipi-dsi 43900000.dsitx_ss: power ctrl: on
[ 7994.727343] mipi-dsi 43900000.dsitx_ss: dsitx start ret=0
[ 7994.727538] mipi-dsi 43900000.dsitx_ss: stream on ret=0
[ 7994.727714] btd-pdomain btd-power-domain.2: power on pd-mipi-dsi-rx
[ 7994.727942] mipi-dsi 43880000.dsirx_ss: subsys power on
[ 7994.728107] mipi-dsi 43880000.dsirx_ss: power ctrl: on
[ 7994.733440] wait dsirx stop done!
[ 7994.733546] mipi-dsi 43880000.dsirx_ss: init done
[ 7994.733685] mipi-dsi 43880000.dsirx_ss: dsirx start ret=0
[ 7994.733876] btd-pdomain btd-power-domain.4: power on pd-dpu
[ 7994.734323] vivian_dpu 50360000.dpu: Turn on IRQ: 0x401c000, 0xffffff7f, 0xffffffff!
[ 7994.734641] vivian_dpu 50200000.dpu: Turn on IRQ: 0x401c000, 0xffffff7f, 0xffffffff!
vivianvst_dpu_ouc_set_scaler_out_size 494: output size unchanged!
[ 7994.735852] vivian_dpu 50360000.dpu: Turn on IRQ: 0x401c000, 0xffffff7f, 0xffffffff!
vivianvst_dpu_ouc_set_scaler_out_size 494: output size unchanged!
[ 7994.736925] vivian_dpu 50200000.dpu: Turn on IRQ: 0x401c000, 0xffffff7f, 0xffffffff!
[ 7994.752463] Timeout waiting for sh0_bus_idle to clear
[ 7994.762695] Timeout waiting for sh4_bus_idle to clear
[ 7994.762941] btd-pdomain btd-power-domain.9: power on pd-sh-star1
[ 7994.763153] resume the power domain device: 40919000.camera_mcu
[ 7994.763333] Before power on STAR1_SW_IRQ = 0x00000000
[ 7994.763497] using cameraFirmware-0x8.bin Success
[ 7994.763512] using configData-0x8.bin Success
[ 7994.765527] Before cpu wait STAR1_SW_IRQ = 0x00000000
[ 7994.765808] After config initdone STAR1_SW_IRQ = 0x00000000
[ 7994.765974] firmware download to device: 40919000.camera_mcu done.
[ 7994.766209] camera mcu device opened, ret:0.
/mnt/fuse/camera/imx611_calibration.bin: OK
[ 7995.732744] btd-pdomain btd-power-domain.8: power on pd-mipi-csi-mono
[ 7995.746686] [SENSOR_CORE] sensor sensor_core_open client_id=1 client_name=TrackingService
I0318 14:21:28.124594   403 unified_driver.cc:286] Powering on NPU, and PID is 240
I0318 14:21:28.125041   403 unified_driver.cc:302] Monitor initialization is not open
[ 7996.108911] btd-pdomain btd-power-domain.1: power on pd-npu
[ 7996.352497] [SENSOR_CORE] sensor sensor_core_direct_alloc_channel client_id=1 client_name=TrackingService
[ 7996.352806] [SENSOR_CORE] sensor alloc region name=sshub_sram size=0x7000! 
[ 7996.353080] [INFO](lq_create): lq:imu_raw_q is already created
[ 7996.353333] [SENSOR_CORE] sensor sensor_core_direct_connect_channel client_id=1 client_name=TrackingService
[ 7996.353750] sensorhub_manager_send_msg: ret=0, response message cmd=1 resp=0
[ 7996.355138] [sensorhub] Received calibration data (*1000000): 5279 999964 -8703 -939119 8151 336311 336943 6139 937707 510 -32113 -20687
[ 7996.356018] [sensorhub] ACC calibration data sent
[ 7996.356197] [SENSOR_CORE] sensor sensor_core_direct_cfg client_id=1 client_name=TrackingService
[ 7996.356455] [SENSORHUB_MANAGER] sensorhub_manager_direct_cfg: recevied direct cfg cmd: type=1, chl_id=1 client_id=1  rate=1024000, rsvd=0 0 0 0
[ 7996.357105] sensorhub_manager_send_msg: ret=0, response message cmd=2 resp=0
[ 7996.358389] [sensorhub] Received calibration data (*1000000): 3190 998807 -8682 -936764 8621 339580 334307 7080 941067 19177 9643 -5372
[ 7996.359312] [sensorhub] GYR calibration data sent
[ 7996.359479] [SENSOR_CORE] sensor sensor_core_direct_cfg client_id=1 client_name=TrackingService
[ 7996.359727] [SENSORHUB_MANAGER] sensorhub_manager_direct_cfg: recevied direct cfg cmd: type=2, chl_id=1 client_id=1  rate=1024000, rsvd=0 0 0 0
[ 7996.360322] sensorhub_manager_send_msg: ret=0, response message cmd=2 resp=0
[ 7996.360995] [sensorhub] Received calibration data (*1000000): -999964 -5279 8703 -8151 939119 -336311 -6139 -336943 -937707 0 0 0
[ 7996.361861] [sensorhub] MAG calibration data sent
[ 7996.362028] [SENSOR_CORE] sensor sensor_core_direct_cfg client_id=1 client_name=TrackingService
[ 7996.362276] [SENSORHUB_MANAGER] sensorhub_manager_direct_cfg: recevied direct cfg cmd: type=3, chl_id=1 client_id=1  rate=102400, rsvd=0 0 0 0
[ 7996.362876] sensorhub_manager_send_msg: ret=0, response message cmd=2 resp=0
[ 7996.363222] [SENSOR_CORE] sensor sensor_core_direct_cfg client_id=1 client_name=TrackingService
[ 7996.363476] [SENSORHUB_MANAGER] sensorhub_manager_direct_cfg: recevied direct cfg cmd: type=6, chl_id=1 client_id=1  rate=1024000, rsvd=0 0 0 0
[ 7996.364104] sensorhub_manager_send_msg: ret=0, response message cmd=2 resp=0
[ 7996.364319] [SENSOR_CORE] sensor sensor_core_direct_cfg client_id=1 client_name=TrackingService
[ 7996.364572] [SENSORHUB_MANAGER] sensorhub_manager_direct_cfg: recevied direct cfg cmd: type=7, chl_id=1 client_id=1  rate=1024000, rsvd=0 0 0 0
[ 7996.365187] sensorhub_manager_send_msg: ret=0, response message cmd=2 resp=0
[ 7996.365473] [SENSOR_CORE] sensor sensor_core_direct_cfg client_id=1 client_name=TrackingService
[ 7996.365725] [SENSORHUB_MANAGER] sensorhub_manager_direct_cfg: recevied direct cfg cmd: type=8, chl_id=1 client_id=1  rate=1024000, rsvd=0 0 0 0
[ 7996.366357] sensorhub_manager_send_msg: ret=0, response message cmd=2 resp=0
[ 7996.366573] [SENSOR_CORE] sensor sensor_core_direct_cfg client_id=1 client_name=TrackingService
[ 7996.366828] [SENSORHUB_MANAGER] sensorhub_manager_direct_cfg: recevied direct cfg cmd: type=9, chl_id=1 client_id=1  rate=1024000, rsvd=0 0 0 0
[ 7996.367456] sensorhub_manager_send_msg: ret=0, response message cmd=2 resp=0
[ 7996.367669] [SENSOR_CORE] sensor sensor_core_direct_cfg client_id=1 client_name=TrackingService
[ 7996.367914] [SENSORHUB_MANAGER] sensorhub_manager_direct_cfg: recevied direct cfg cmd: type=10, chl_id=1 client_id=1  rate=1024000, rsvd=0 0 0 0
[ 7996.368559] sensorhub_manager_send_msg: ret=0, response message cmd=2 resp=0
[ 7997.202236] [SENSOR_CORE] sensor sensor_core_open client_id=2 client_name=TrackingService
[ 7997.202626] [SENSOR_CORE] sensor sensor_core_direct_alloc_channel client_id=2 client_name=TrackingService
[ 7997.202901] [SENSOR_CORE] sensor alloc region name=sshub_ddr size=0x9d000! 
[ 7997.203122] [SENSOR_CORE] sensor sensor_core_direct_alloc_channel client_id=2 client_name=TrackingService
[ 7997.203391] [SENSOR_CORE] sensor alloc region name=sshub_sram size=0x7000! 
[ 7997.203758] [INFO](lq_create): lq:flick_raw_q is already created
[ 7997.204421] [SENSOR_CORE] sensor sensor_core_direct_connect_channel client_id=2 client_name=TrackingService
[ 7997.204873] sensorhub_manager_send_msg: ret=0, response message cmd=1 resp=0
[ 7997.205086] [SENSOR_CORE] sensor sensor_core_direct_cfg client_id=2 client_name=TrackingService
[ 7997.205355] [SENSORHUB_MANAGER] sensorhub_manager_direct_cfg: recevied direct cfg cmd: type=13, chl_id=3 client_id=2  rate=276480, rsvd=0 64 16666 0
[ 7997.206432] sensorhub_manager_send_msg: ret=0, response message cmd=2 resp=0
[ 7997.206657] [SENSOR_CORE] sensd sigio poll_in 
[ 7997.206940] [SENSOR_CORE] sensor sensor_core_direct_cfg client_id=2 client_name=TrackingService
[ 7997.207189] [SENSORHUB_MANAGER] sensorhub_manager_direct_cfg: recevied direct cfg cmd: type=14, chl_id=3 client_id=2  rate=276480, rsvd=32768008 0 0 0
[ 7997.208042] sensorhub_manager_send_msg: ret=0, response message cmd=2 resp=0
[ 7997.208269] [SENSOR_CORE] sensd sigio poll_in 
[ 7997.907068] [SENSOR_CORE] sensor sensor_core_open client_id=3 client_name=ap_sensor_servi
[ 7997.907416] [SENSOR_CORE] sensor sensor_core_direct_alloc_channel client_id=3 client_name=ap_sensor_servi
[ 7997.907696] [SENSOR_CORE] sensor alloc region name=sshub_ddr size=0x9d000! 
[ 7997.907942] [SENSOR_CORE] sensor sensor_core_direct_alloc_channel client_id=3 client_name=ap_sensor_servi
[ 7997.908301] [SENSOR_CORE] sensor alloc region name=sshub_sram size=0x7000! 
[ 7997.908571] [INFO](lq_create): lq:flick_raw_q is already created
[ 7997.909048] [SENSOR_CORE] sensor sensor_core_direct_connect_channel client_id=3 client_name=ap_sensor_servi
[ 7997.909540] sensorhub_manager_send_msg: ret=0, response message cmd=1 resp=0
[ 7997.910512] [SENSOR_CORE] sensor sensor_core_direct_cfg client_id=3 client_name=ap_sensor_servi
[ 7997.910799] [SENSORHUB_MANAGER] sensorhub_manager_direct_cfg: recevied direct cfg cmd: type=13, chl_id=3 client_id=3  rate=276480, rsvd=0 0 0 0
[ 7997.911418] sensorhub_manager_send_msg: ret=0, response message cmd=2 resp=0
[ 7997.911651] [SENSOR_CORE] sensd sigio poll_in 
[ 7997.913562] [SENSOR_CORE] sensor sensor_core_direct_cfg client_id=3 client_name=ap_sensor_servi
[ 7997.913835] [SENSORHUB_MANAGER] sensorhub_manager_direct_cfg: recevied direct cfg cmd: type=14, chl_id=3 client_id=3  rate=276480, rsvd=0 0 0 0
[ 7997.914471] sensorhub_manager_send_msg: ret=0, response message cmd=2 resp=0
[ 7997.914686] [SENSOR_CORE] sensd sigio poll_in 
[ 7997.975662] brp_open: power on
[ 7997.977607] btd-pdomain btd-power-domain.0: power on pd-dsp
[ 7997.978029] brp 424fc000.dsp: open brp device
[ 7998.123986] brp_open: power on
[ 7998.124135] brp 424fc000.dsp: open brp device
[ 7998.373089] brp_open: power on
[ 7998.373260] brp 424fc000.dsp: open brp device
[ 7999.671129] btd-pdomain btd-power-domain.6: power on pd-isp-rgb
[ 7999.872746] [SENSOR_CORE] sensor sensor_core_open client_id=4 client_name=T0C1-SensorRead
[ 8000.494079] [SENSOR_CORE] sensor sensor_core_direct_alloc_channel client_id=4 client_name=T0C1-SensorRead
[ 8000.494445] [SENSOR_CORE] sensor alloc region name=sshub_sram size=0x7000! 
[ 8000.495103] [INFO](lq_create): lq:imu_raw_q is already created
[ 8000.495361] [SENSOR_CORE] sensor sensor_core_direct_connect_channel client_id=4 client_name=T0C1-SensorRead
[ 8000.495817] sensorhub_manager_send_msg: ret=0, response message cmd=1 resp=0
[ 8000.496367] [SENSOR_CORE] sensor sensor_core_open client_id=5 client_name=T0C1-SensorRead
[ 8000.496832] [SENSOR_CORE] sensor sensor_core_direct_alloc_channel client_id=5 client_name=T0C1-SensorRead
[ 8000.497200] [SENSOR_CORE] sensor alloc region name=sshub_ddr size=0x9d000! 
[ 8000.497543] [SENSOR_CORE] sensor sensor_core_direct_alloc_channel client_id=5 client_name=T0C1-SensorRead
[ 8000.497857] [SENSOR_CORE] sensor alloc region name=sshub_sram size=0x7000! 
[ 8000.498970] [INFO](lq_create): lq:flick_raw_q is already created
[ 8000.499764] [SENSOR_CORE] sensor sensor_core_direct_connect_channel client_id=5 client_name=T0C1-SensorRead
[ 8000.500256] sensorhub_manager_send_msg: ret=0, response message cmd=1 resp=0
[ 8000.504086] [sensorhub] Received calibration data (*1000000): 5279 999964 -8703 -939119 8151 336311 336943 6139 937707 510 -32113 -20687
[ 8000.505114] [sensorhub] ACC calibration data sent
[ 8000.505328] [SENSOR_CORE] sensor sensor_core_direct_cfg client_id=4 client_name=T0C1-SensorRead
[ 8000.505659] [SENSORHUB_MANAGER] sensorhub_manager_direct_cfg: recevied direct cfg cmd: type=1, chl_id=1 client_id=4  rate=1024000, rsvd=0 0 0 0
[ 8000.506294] sensorhub_manager_send_msg: ret=0, response message cmd=2 resp=0
[ 8000.511236] [sensorhub] Received calibration data (*1000000): 3190 998807 -8682 -936764 8621 339580 334307 7080 941067 19177 9643 -5372
[ 8000.513751] [sensorhub] GYR calibration data sent
[ 8000.514126] [SENSOR_CORE] sensor sensor_core_direct_cfg client_id=4 client_name=T0C1-SensorRead
[ 8000.515770] [SENSORHUB_MANAGER] sensorhub_manager_direct_cfg: recevied direct cfg cmd: type=2, chl_id=1 client_id=4  rate=1024000, rsvd=0 0 0 0
[ 8000.516438] sensorhub_manager_send_msg: ret=0, response message cmd=2 resp=0
[ 8000.516904] [SENSOR_CORE] sensor sensor_core_direct_cfg client_id=5 client_name=T0C1-SensorRead
[ 8000.517214] [SENSORHUB_MANAGER] sensorhub_manager_direct_cfg: recevied direct cfg cmd: type=13, chl_id=3 client_id=5  rate=276480, rsvd=0 64 16666 0
[ 8000.517918] sensorhub_manager_send_msg: ret=0, response message cmd=2 resp=0
[ 8000.518174] [SENSOR_CORE] sensd sigio poll_in 
[ 8000.518542] [SENSOR_CORE] sensor sensor_core_direct_cfg client_id=5 client_name=T0C1-SensorRead
[ 8000.518939] [SENSORHUB_MANAGER] sensorhub_manager_direct_cfg: recevied direct cfg cmd: type=14, chl_id=3 client_id=5  rate=276480, rsvd=32768008 0 0 0
[ 8000.524363] sensorhub_manager_send_msg: ret=0, response message cmd=2 resp=0
[ 8000.525028] [SENSOR_CORE] sensd sigio poll_in 
[ 8000.578320] btd-pdomain btd-power-domain.7: power on pd-mipi-csi-tx
[ 8000.817556] im-pmctrl soc:im_pm_ctrl_1@1: [im_pm_ctrl_1]: isp power control power-dis start
[ 8000.817936] im-pmctrl soc:im_pm_ctrl_1@1: [im_pm_ctrl_1]: isp power control power-dis done
[ 8000.818521] im-pmctrl soc:im_pm_ctrl_1@1: [im_pm_ctrl_1]: isp power control power-en start
[ 8000.824401] im-pmctrl soc:im_pm_ctrl_1@1: Global dev power on. Operator im_pm_ctrl_1, ref cnt 1
[ 8000.824734] im-pmctrl soc:im_pm_ctrl_1@1: [im_pm_ctrl_1]: isp power control power-en done
[ 8000.825005] im-pmctrl soc:im_pm_ctrl_1@1: [im_pm_ctrl_1]: tcxo level rising, high_count=1
[ 8000.825278] im-pmctrl soc:im_pm_ctrl_1@1: [im_pm_ctrl_1]: AI-ISP tcxo en report!
[ 8000.828528] im-pmctrl soc:im_pm_ctrl_1@1: [im_pm_ctrl_1]: isp power control reset start
[ 8000.828780] im-pmctrl soc:im_pm_ctrl_1@1: [im_pm_ctrl_1]: isp power control reset done
[ 8000.835670] im-pmctrl soc:im_pm_ctrl_1@1: [im_pm_ctrl_1]: isp power control de-reset start
[ 8000.849068] im-pmctrl soc:im_pm_ctrl_1@1: [im_pm_ctrl_1]: isp power control de-reset done
[ 8000.851259] tetras-ipcdev soc:im_ipc_1@1: ipc open command triggered
[ 8000.851533] [info]: ipcdev_ioctl(411): ipc read command triggered
[ 8001.983862] btd-pdomain btd-power-domain.5: power on pd-mipi-csi-rgb
[ 8002.961885] im-pmctrl soc:im_pm_ctrl_0@0: [im_pm_ctrl_0]: isp power control power-dis start
[ 8002.962309] im-pmctrl soc:im_pm_ctrl_0@0: [im_pm_ctrl_0]: isp power control power-dis done
[ 8002.962604] im-pmctrl soc:im_pm_ctrl_0@0: [im_pm_ctrl_0]: isp power control power-en start
[ 8002.962998] im-pmctrl soc:im_pm_ctrl_0@0: Chip im_pm_ctrl_0 power on! ref cnt 2
[ 8002.963227] im-pmctrl soc:im_pm_ctrl_0@0: [im_pm_ctrl_0]: isp power control power-en done
[ 8002.963772] im-pmctrl soc:im_pm_ctrl_0@0: [im_pm_ctrl_0]: isp power control reset start
[ 8002.964162] im-pmctrl soc:im_pm_ctrl_0@0: [im_pm_ctrl_0]: isp power control reset done
[ 8002.964538] im-pmctrl soc:im_pm_ctrl_0@0: [im_pm_ctrl_0]: tcxo level rising, high_count=2
[ 8002.964801] im-pmctrl soc:im_pm_ctrl_0@0: [im_pm_ctrl_0]: AI-ISP tcxo en report!
[ 8002.969652] im-pmctrl soc:im_pm_ctrl_0@0: [im_pm_ctrl_0]: isp power control de-reset start
[ 8002.984293] im-pmctrl soc:im_pm_ctrl_0@0: [im_pm_ctrl_0]: isp power control de-reset done
[ 8002.985148] tetras-ipcdev soc:im_ipc_0@0: ipc open command triggered
[ 8002.985473] [info]: ipcdev_ioctl(411): ipc read command triggered
[ 8004.630524] Refresh FRA info done!
[ 8004.691411] vivian_dpu 50200000.dpu: FRA adjust done!
[ 8004.730940] Refresh FRA info done!
[ 8004.792424] vivian_dpu 50200000.dpu: FRA adjust done!
[ 8004.832521] Refresh FRA info done!
[ 8004.894866] vivian_dpu 50200000.dpu: FRA adjust done!
[ 8004.935392] Refresh FRA info done!
[ 8004.998621] vivian_dpu 50200000.dpu: FRA adjust done!
[ 8005.039230] Refresh FRA info done!
[ 8005.102776] vivian_dpu 50200000.dpu: FRA adjust done!
[ 8005.132534] Refresh FRA info done!
[ 8005.196891] vivian_dpu 50200000.dpu: FRA adjust done!
[ 8005.240150] Refresh FRA info done!
[ 8005.303965] vivian_dpu 50200000.dpu: FRA adjust done!
[ 8005.334642] Refresh FRA info done!
[ 8005.400332] vivian_dpu 50200000.dpu: FRA adjust done!
[ 8005.431548] Refresh FRA info done!
[ 8005.497956] vivian_dpu 50200000.dpu: FRA adjust done!
[ 8005.529438] Refresh FRA info done!
[ 8005.596853] vivian_dpu 50200000.dpu: FRA adjust done!
[ 8005.641265] Refresh FRA info done!
[ 8005.709160] vivian_dpu 50200000.dpu: FRA adjust done!
[ 8005.743305] Refresh FRA info done!
[ 8005.810330] vivian_dpu 50200000.dpu: FRA adjust done!
[ 8005.832358] Refresh FRA info done!
[ 8005.900073] vivian_dpu 50200000.dpu: FRA adjust done!
[ 8005.933754] Refresh FRA info done!
[ 8006.003861] vivian_dpu 50200000.dpu: FRA adjust done!
[ 8006.038052] Refresh FRA info done!
[ 8006.109163] vivian_dpu 50200000.dpu: FRA adjust done!
[ 8006.132850] Refresh FRA info done!
[ 8006.202476] vivian_dpu 50200000.dpu: FRA adjust done!
[ 8006.237631] Refresh FRA info done!
[ 8006.310705] vivian_dpu 50200000.dpu: FRA adjust done!
[ 8006.332492] Refresh FRA info done!
[ 8006.406418] vivian_dpu 50200000.dpu: FRA adjust done!
[ 8006.581584] Refresh FRA info done!
[ 8006.656400] vivian_dpu 50200000.dpu: FRA adjust done!
[ 8006.673368] Refresh FRA info done!
[ 8006.735101] vivian_dpu 50200000.dpu: FRA adjust done!
[ 8006.774993] Refresh FRA info done!
[ 8006.837303] vivian_dpu 50200000.dpu: FRA adjust done!
[ 8006.883721] Refresh FRA info done!
[ 8006.940685] vivian_dpu 50200000.dpu: FRA adjust done!
[ 8007.010172] Refresh FRA info done!
[ 8007.045399] vivian_dpu 50200000.dpu: FRA adjust done!
[ 8007.091474] Refresh FRA info done!
[ 8007.139443] vivian_dpu 50200000.dpu: FRA adjust done!
[ 8007.181637] Refresh FRA info done!
[ 8007.246503] vivian_dpu 50200000.dpu: FRA adjust done!
[ 8007.303763] Refresh FRA info done!
[ 8007.343028] vivian_dpu 50200000.dpu: FRA adjust done!
[ 8007.374103] Refresh FRA info done!
[ 8007.440538] vivian_dpu 50200000.dpu: FRA adjust done!
[ 8007.472281] Refresh FRA info done!
[ 8007.539142] vivian_dpu 50200000.dpu: FRA adjust done!
[ 8007.571395] Refresh FRA info done!
[ 8007.639107] vivian_dpu 50200000.dpu: FRA adjust done!
[ 8007.674149] Refresh FRA info done!
[ 8007.740548] vivian_dpu 50200000.dpu: FRA adjust done!
[ 8007.774287] Refresh FRA info done!
[ 8007.842985] vivian_dpu 50200000.dpu: FRA adjust done!
[ 8007.890161] Refresh FRA info done!
[ 8007.946738] vivian_dpu 50200000.dpu: FRA adjust done!
[ 8008.005752] Refresh FRA info done!
[ 8008.051956] vivian_dpu 50200000.dpu: FRA adjust done!
[ 8008.078056] Refresh FRA info done!
[ 8008.145266] vivian_dpu 50200000.dpu: FRA adjust done!
[ 8008.180449] Refresh FRA info done!
[ 8008.253379] vivian_dpu 50200000.dpu: FRA adjust done!
[ 8008.275284] Refresh FRA info done!
[ 8008.349395] vivian_dpu 50200000.dpu: FRA adjust done!
[ 8008.579695] Previous task(589:588) is ongoing, wait here!
[ 8008.621710] Previous task(594:593) is ongoing, wait here!
[ 8008.663558] Previous task(599:598) is ongoing, wait here!
[ 8009.260385] Refresh FRA info done!
[ 8009.335235] vivian_dpu 50200000.dpu: FRA adjust done!
[ 8009.398346] Refresh FRA info done!
[ 8009.472188] vivian_dpu 50200000.dpu: FRA adjust done!
[ 8009.507425] Refresh FRA info done!
[ 8009.580247] vivian_dpu 50200000.dpu: FRA adjust done!
[ 8009.614899] Refresh FRA info done!
[ 8009.686947] vivian_dpu 50200000.dpu: FRA adjust done!
[ 8009.707761] Refresh FRA info done!
[ 8009.779107] vivian_dpu 50200000.dpu: FRA adjust done!
[ 8009.812712] Refresh FRA info done!
[ 8009.882902] vivian_dpu 50200000.dpu: FRA adjust done!
[ 8009.928754] Refresh FRA info done!
[ 8009.998268] vivian_dpu 50200000.dpu: FRA adjust done!
[ 8010.018188] Refresh FRA info done!
[ 8010.086855] vivian_dpu 50200000.dpu: FRA adjust done!
[ 8010.106420] Refresh FRA info done!
[ 8010.174239] vivian_dpu 50200000.dpu: FRA adjust done!
[ 8010.193583] Refresh FRA info done!
[ 8010.260733] vivian_dpu 50200000.dpu: FRA adjust done!
[ 8010.291831] Refresh FRA info done!
[ 8010.358234] vivian_dpu 50200000.dpu: FRA adjust done!
[ 8010.401046] Refresh FRA info done!
[ 8010.466634] vivian_dpu 50200000.dpu: FRA adjust done!
[ 8010.496877] Refresh FRA info done!
[ 8010.561844] vivian_dpu 50200000.dpu: FRA adjust done!
[ 8010.591659] Refresh FRA info done!
[ 8010.655888] vivian_dpu 50200000.dpu: FRA adjust done!
[ 8010.696916] Refresh FRA info done!
[ 8010.760556] vivian_dpu 50200000.dpu: FRA adjust done!
[ 8010.801036] Refresh FRA info done!
[ 8010.863917] vivian_dpu 50200000.dpu: FRA adjust done!
[ 8010.892720] Refresh FRA info done!
[ 8010.954966] vivian_dpu 50200000.dpu: FRA adjust done!
[ 8011.039303] Refresh FRA info done!
[ 8011.100866] vivian_dpu 50200000.dpu: FRA adjust done!
[ 8011.217740] Refresh FRA info done!
[ 8011.278606] vivian_dpu 50200000.dpu: FRA adjust done!
[ 8011.341637] Refresh FRA info done!
[ 8011.415576] vivian_dpu 50200000.dpu: FRA adjust done!
[ 8011.464183] Refresh FRA info done!
[ 8011.537265] vivian_dpu 50200000.dpu: FRA adjust done!
[ 8011.571834] Refresh FRA info done!
[ 8011.643782] vivian_dpu 50200000.dpu: FRA adjust done!
[ 8011.677994] Refresh FRA info done!
[ 8011.749006] vivian_dpu 50200000.dpu: FRA adjust done!
[ 8011.769774] Refresh FRA info done!
[ 8011.839914] vivian_dpu 50200000.dpu: FRA adjust done!
[ 8011.887310] Refresh FRA info done!
[ 8011.955333] vivian_dpu 50200000.dpu: FRA adjust done!
[ 8011.988410] Refresh FRA info done!
[ 8012.056464] vivian_dpu 50200000.dpu: FRA adjust done!
[ 8012.088562] Refresh FRA info done!
[ 8012.156489] vivian_dpu 50200000.dpu: FRA adjust done!
[ 8012.188167] Refresh FRA info done!
[ 8012.255253] vivian_dpu 50200000.dpu: FRA adjust done!
[ 8012.286548] Refresh FRA info done!
[ 8012.352803] vivian_dpu 50200000.dpu: FRA adjust done!
[ 8012.371436] Refresh FRA info done!
[ 8012.437060] vivian_dpu 50200000.dpu: FRA adjust done!
[ 8012.491235] Refresh FRA info done!
[ 8012.556156] vivian_dpu 50200000.dpu: FRA adjust done!
[ 8012.574247] Refresh FRA info done!
[ 8012.638428] vivian_dpu 50200000.dpu: FRA adjust done!
[ 8012.656346] Refresh FRA info done!
[ 8012.719806] vivian_dpu 50200000.dpu: FRA adjust done!
[ 8012.760417] Refresh FRA info done!
[ 8012.823294] vivian_dpu 50200000.dpu: FRA adjust done!
[ 8012.840555] Refresh FRA info done!
[ 8012.902726] vivian_dpu 50200000.dpu: FRA adjust done!
[ 8012.975968] Refresh FRA info done!
[ 8013.037651] vivian_dpu 50200000.dpu: FRA adjust done!
[ 8024.415077] gen_pool_heap: dmabuf is not allocated from the generic pool heap
[ 8024.415334] gen_pool_heap: dmabuf is not allocated from the generic pool heap
[ 8024.415550] sharedata: dmabuf-controller_data is not allocated from the generic pool heap
[ 8024.817893] [SENSOR_CORE] sensor sensor_core_direct_cfg client_id=1 client_name=TrackingService
[ 8024.818226] [SENSORHUB_MANAGER] sensorhub_manager_direct_cfg: recevied direct cfg cmd: type=6, chl_id=1 client_id=1  rate=0, rsvd=0 0 0 0
[ 8024.818860] sensorhub_manager_send_msg: ret=0, response message cmd=2 resp=0
[ 8024.819085] [SENSOR_CORE] sensor sensor_core_direct_cfg client_id=1 client_name=TrackingService
[ 8024.819344] [SENSORHUB_MANAGER] sensorhub_manager_direct_cfg: recevied direct cfg cmd: type=6, chl_id=1 client_id=1  rate=1024000, rsvd=0 0 0 0
[ 8024.821380] sensorhub_manager_send_msg: ret=0, response message cmd=2 resp=0
[ 8024.849192] [SENSOR_CORE] sensor sensor_core_direct_cfg client_id=1 client_name=TrackingService
[ 8024.849741] [SENSORHUB_MANAGER] sensorhub_manager_direct_cfg: recevied direct cfg cmd: type=6, chl_id=1 client_id=1  rate=0, rsvd=0 0 0 0
[ 8024.850480] sensorhub_manager_send_msg: ret=0, response message cmd=2 resp=0
[ 8024.850967] [SENSOR_CORE] sensor sensor_core_direct_cfg client_id=1 client_name=TrackingService
[ 8024.851283] [SENSORHUB_MANAGER] sensorhub_manager_direct_cfg: recevied direct cfg cmd: type=6, chl_id=1 client_id=1  rate=1024000, rsvd=0 0 0 0
[ 8024.852004] sensorhub_manager_send_msg: ret=0, response message cmd=2 resp=0
[ 8024.860268] brp 424fc000.dsp: close brp device
[ 8024.860437] brp_release: power off
[ 8024.861201] brp 424fc000.dsp: close brp device
[ 8024.861379] brp_release: power off
[ 8024.861615] brp 424fc000.dsp: close brp device
[ 8024.861882] brp_release: power off
[ 8024.862008] btd-pdomain btd-power-domain.0: power off pd-dsp
[ 8024.904364] brp_open: power on
[ 8024.905148] btd-pdomain btd-power-domain.0: power on pd-dsp
[ 8024.905538] brp 424fc000.dsp: open brp device
[ 8025.026042] brp_open: power on
[ 8025.026187] brp 424fc000.dsp: open brp device
[ 8034.397704] Previous task(2536:2535) is ongoing, wait here!
[ 8034.443865] Previous task(2541:2540) is ongoing, wait here!
[ 8044.675108] Previous task(3917:3916) is ongoing, wait here!
[ 8047.831241] Refresh FRA info done!
[ 8047.892162] vivian_dpu 50200000.dpu: FRA adjust done!
[ 8047.931766] Refresh FRA info done!
[ 8047.993266] vivian_dpu 50200000.dpu: FRA adjust done!
[ 8048.033115] Refresh FRA info done!
[ 8048.095511] vivian_dpu 50200000.dpu: FRA adjust done!
[ 8048.181725] Refresh FRA info done!
[ 8048.244945] vivian_dpu 50200000.dpu: FRA adjust done!
[ 8048.285841] Refresh FRA info done!
[ 8048.349598] vivian_dpu 50200000.dpu: FRA adjust done!
[ 8048.390978] Refresh FRA info done!
[ 8048.455364] vivian_dpu 50200000.dpu: FRA adjust done!
[ 8048.473648] Refresh FRA info done!
[ 8048.538730] vivian_dpu 50200000.dpu: FRA adjust done!
[ 8048.587734] Refresh FRA info done!
[ 8048.635100] vivian_dpu 50200000.dpu: FRA adjust done!
[ 8048.666266] Refresh FRA info done!
[ 8048.732517] vivian_dpu 50200000.dpu: FRA adjust done!
[ 8048.752174] Refresh FRA info done!
[ 8048.819006] vivian_dpu 50200000.dpu: FRA adjust done!
[ 8048.863917] Refresh FRA info done!
[ 8048.931411] vivian_dpu 50200000.dpu: FRA adjust done!
[ 8049.002876] Refresh FRA info done!
[ 8049.070830] vivian_dpu 50200000.dpu: FRA adjust done!
[ 8049.091158] Refresh FRA info done!
[ 8049.160409] vivian_dpu 50200000.dpu: FRA adjust done!
[ 8049.199836] Refresh FRA info done!
[ 8049.251255] vivian_dpu 50200000.dpu: FRA adjust done!
[ 8049.272379] Refresh FRA info done!
[ 8049.343356] vivian_dpu 50200000.dpu: FRA adjust done!
[ 8049.378166] Refresh FRA info done!
[ 8049.449980] vivian_dpu 50200000.dpu: FRA adjust done!
[ 8049.471752] Refresh FRA info done!
[ 8049.544575] vivian_dpu 50200000.dpu: FRA adjust done!
[ 8049.594267] Refresh FRA info done!
[ 8049.667842] vivian_dpu 50200000.dpu: FRA adjust done!
[ 8052.607647] Previous task(4744:4743) is ongoing, wait here!
[ 8056.591752] Previous task(5274:5273) is ongoing, wait here!
[ 8059.828856] Previous task(5709:5708) is ongoing, wait here!
[ 8060.009679] Previous task(5729:5728) is ongoing, wait here!
[ 8060.244458] Refresh FRA info done!
[ 8060.319434] vivian_dpu 50200000.dpu: FRA adjust done!
[ 8060.342254] Refresh FRA info done!
[ 8060.415234] vivian_dpu 50200000.dpu: FRA adjust done!
[ 8060.450545] Refresh FRA info done!
[ 8060.523325] vivian_dpu 50200000.dpu: FRA adjust done!
[ 8060.545728] Refresh FRA info done!
[ 8060.616642] vivian_dpu 50200000.dpu: FRA adjust done!
[ 8060.650745] Refresh FRA info done!
[ 8060.721877] vivian_dpu 50200000.dpu: FRA adjust done!
[ 8060.744568] Refresh FRA info done!
[ 8060.812732] vivian_dpu 50200000.dpu: FRA adjust done!
[ 8060.833265] Refresh FRA info done!
[ 8060.902426] vivian_dpu 50200000.dpu: FRA adjust done!
[ 8060.923139] Refresh FRA info done!
[ 8060.990999] vivian_dpu 50200000.dpu: FRA adjust done!
[ 8061.023090] Refresh FRA info done!
[ 8061.091022] vivian_dpu 50200000.dpu: FRA adjust done!
[ 8061.122838] Refresh FRA info done!
[ 8061.189735] vivian_dpu 50200000.dpu: FRA adjust done!
[ 8061.221575] Refresh FRA info done!
[ 8061.287290] vivian_dpu 50200000.dpu: FRA adjust done!
[ 8061.318207] Refresh FRA info done!
[ 8061.383638] vivian_dpu 50200000.dpu: FRA adjust done!
[ 8061.426211] Refresh FRA info done!
[ 8061.478815] vivian_dpu 50200000.dpu: FRA adjust done!
[ 8061.520468] Refresh FRA info done!
[ 8061.584713] vivian_dpu 50200000.dpu: FRA adjust done!
[ 8061.618577] Refresh FRA info done!
[ 8061.677643] vivian_dpu 50200000.dpu: FRA adjust done!
[ 8061.724795] Refresh FRA info done!
[ 8061.781089] vivian_dpu 50200000.dpu: FRA adjust done!
[ 8061.823566] Refresh FRA info done!
[ 8061.883471] vivian_dpu 50200000.dpu: FRA adjust done!
[ 8061.939846] Refresh FRA info done!
[ 8061.984539] vivian_dpu 50200000.dpu: FRA adjust done!
[ 8065.146763] Previous task(6253:6252) is ongoing, wait here!
[ 8072.696377] brp 424fc000.dsp: close brp device
[ 8072.696573] brp_release: power off
[ 8072.697488] brp 424fc000.dsp: close brp device
[ 8072.697742] brp_release: power off
[ 8072.697867] btd-pdomain btd-power-domain.0: power off pd-dsp
[ 8072.794579] brp_open: power on
[ 8072.795576] btd-pdomain btd-power-domain.0: power on pd-dsp
[ 8072.796070] brp 424fc000.dsp: open brp device
[ 8072.908527] brp_open: power on
[ 8072.908677] brp 424fc000.dsp: open brp device
[ 8073.051588] brp_open: power on
[ 8073.051738] brp 424fc000.dsp: open brp device
[ 8075.400472] Previous task(7542:7541) is ongoing, wait here!
[ 8083.278455] Refresh FRA info done!
[ 8083.339488] vivian_dpu 50200000.dpu: FRA adjust done!
[ 8083.378493] Refresh FRA info done!
[ 8083.440766] vivian_dpu 50200000.dpu: FRA adjust done!
[ 8083.480418] Refresh FRA info done!
[ 8083.542903] vivian_dpu 50200000.dpu: FRA adjust done!
[ 8083.583017] Refresh FRA info done!
[ 8083.646215] vivian_dpu 50200000.dpu: FRA adjust done!
[ 8083.733437] Refresh FRA info done!
[ 8083.797360] vivian_dpu 50200000.dpu: FRA adjust done!
[ 8083.816008] Refresh FRA info done!
[ 8083.879626] vivian_dpu 50200000.dpu: FRA adjust done!
[ 8083.957465] Refresh FRA info done!
[ 8084.022475] vivian_dpu 50200000.dpu: FRA adjust done!
[ 8084.041539] Refresh FRA info done!
[ 8084.106774] vivian_dpu 50200000.dpu: FRA adjust done!
[ 8084.151360] Refresh FRA info done!
[ 8084.216512] vivian_dpu 50200000.dpu: FRA adjust done!
[ 8084.260635] Refresh FRA info done!
[ 8084.327508] vivian_dpu 50200000.dpu: FRA adjust done!
[ 8084.347320] Refresh FRA info done!
[ 8084.415181] vivian_dpu 50200000.dpu: FRA adjust done!
[ 8084.435823] Refresh FRA info done!
[ 8084.503685] vivian_dpu 50200000.dpu: FRA adjust done!
[ 8084.537001] Refresh FRA info done!
[ 8084.606393] vivian_dpu 50200000.dpu: FRA adjust done!
[ 8084.627013] Refresh FRA info done!
[ 8084.697110] vivian_dpu 50200000.dpu: FRA adjust done!
[ 8084.757590] Refresh FRA info done!
[ 8084.828544] vivian_dpu 50200000.dpu: FRA adjust done!
[ 8084.850073] Refresh FRA info done!
[ 8084.882530] brp 424fc000.dsp: close brp device
[ 8084.882715] brp_release: power off
[ 8084.883766] brp 424fc000.dsp: close brp device
[ 8084.883909] brp_release: power off
[ 8084.884123] brp 424fc000.dsp: close brp device
[ 8084.884516] brp_release: power off
[ 8084.884642] btd-pdomain btd-power-domain.0: power off pd-dsp
[ 8084.921879] vivian_dpu 50200000.dpu: FRA adjust done!
[ 8084.970697] Refresh FRA info done!
[ 8085.043509] vivian_dpu 50200000.dpu: FRA adjust done!
[ 8085.065942] Refresh FRA info done!
[ 8085.139573] vivian_dpu 50200000.dpu: FRA adjust done!
[ 8085.186860] [SENSOR_CORE] sensor sensor_core_direct_disconnect_channel client_id=2 client_name=TrackingService
[ 8085.187494] sensorhub_manager_send_msg: ret=0, response message cmd=3 resp=0
[ 8085.187789] [SENSOR_CORE] sensor_core_release client_id=2 client_name=TrackingService 
[ 8085.188040] [SENSOR_CORE] sensor client_free 
[ 8087.388686] [SENSOR_CORE] sensor sensor_core_direct_cfg client_id=1 client_name=TrackingService
[ 8087.388973] [SENSORHUB_MANAGER] sensorhub_manager_direct_cfg: recevied direct cfg cmd: type=-1, chl_id=1 client_id=1  rate=0, rsvd=0 0 0 0
[ 8087.390319] sensorhub_manager_send_msg: ret=0, response message cmd=2 resp=0
[ 8087.390550] [SENSOR_CORE] sensor sensor_core_direct_disconnect_channel client_id=1 client_name=TrackingService
[ 8087.390950] sensorhub_manager_send_msg: ret=0, response message cmd=3 resp=0
[ 8087.391278] [SENSOR_CORE] sensor_core_release client_id=1 client_name=TrackingService 
[ 8087.391511] [SENSOR_CORE] sensor client_free 
[ 8087.419496] [SENSOR_CORE] sensor sensor_core_open client_id=1 client_name=TrackingService
[ 8088.025844] [SENSOR_CORE] sensor sensor_core_direct_alloc_channel client_id=1 client_name=TrackingService
[ 8088.026146] [SENSOR_CORE] sensor alloc region name=sshub_sram size=0x7000! 
[ 8088.026408] [INFO](lq_create): lq:imu_raw_q is already created
[ 8088.026642] [SENSOR_CORE] sensor sensor_core_direct_connect_channel client_id=1 client_name=TrackingService
[ 8088.027094] sensorhub_manager_send_msg: ret=0, response message cmd=1 resp=0
[ 8088.028410] [sensorhub] Received calibration data (*1000000): 5279 999964 -8703 -939119 8151 336311 336943 6139 937707 510 -32113 -20687
[ 8088.029436] [sensorhub] ACC calibration data sent
[ 8088.029608] [SENSOR_CORE] sensor sensor_core_direct_cfg client_id=1 client_name=TrackingService
[ 8088.029869] [SENSORHUB_MANAGER] sensorhub_manager_direct_cfg: recevied direct cfg cmd: type=1, chl_id=1 client_id=1  rate=1024000, rsvd=0 0 0 0
[ 8088.030453] sensorhub_manager_send_msg: ret=0, response message cmd=2 resp=0
[ 8088.031483] [sensorhub] Received calibration data (*1000000): 3190 998807 -8682 -936764 8621 339580 334307 7080 941067 19177 9643 -5372
[ 8088.032364] [sensorhub] GYR calibration data sent
[ 8088.032529] [SENSOR_CORE] sensor sensor_core_direct_cfg client_id=1 client_name=TrackingService
[ 8088.032881] [SENSORHUB_MANAGER] sensorhub_manager_direct_cfg: recevied direct cfg cmd: type=2, chl_id=1 client_id=1  rate=1024000, rsvd=0 0 0 0
[ 8088.034079] sensorhub_manager_send_msg: ret=0, response message cmd=2 resp=0
[ 8088.036101] [sensorhub] Received calibration data (*1000000): -999964 -5279 8703 -8151 939119 -336311 -6139 -336943 -937707 0 0 0
[ 8088.037045] [sensorhub] MAG calibration data sent
[ 8088.037366] [SENSOR_CORE] sensor sensor_core_direct_cfg client_id=1 client_name=TrackingService
[ 8088.037673] [SENSORHUB_MANAGER] sensorhub_manager_direct_cfg: recevied direct cfg cmd: type=3, chl_id=1 client_id=1  rate=102400, rsvd=0 0 0 0
[ 8088.039246] sensorhub_manager_send_msg: ret=0, response message cmd=2 resp=0
[ 8088.039469] [SENSOR_CORE] sensor sensor_core_direct_cfg client_id=1 client_name=TrackingService
[ 8088.039719] [SENSORHUB_MANAGER] sensorhub_manager_direct_cfg: recevied direct cfg cmd: type=6, chl_id=1 client_id=1  rate=1024000, rsvd=0 0 0 0
[ 8088.040367] sensorhub_manager_send_msg: ret=0, response message cmd=2 resp=0
[ 8088.040581] [SENSOR_CORE] sensor sensor_core_direct_cfg client_id=1 client_name=TrackingService
[ 8088.040834] [SENSORHUB_MANAGER] sensorhub_manager_direct_cfg: recevied direct cfg cmd: type=7, chl_id=1 client_id=1  rate=1024000, rsvd=0 0 0 0
[ 8088.041453] sensorhub_manager_send_msg: ret=0, response message cmd=2 resp=0
[ 8088.041670] [SENSOR_CORE] sensor sensor_core_direct_cfg client_id=1 client_name=TrackingService
[ 8088.041943] [SENSORHUB_MANAGER] sensorhub_manager_direct_cfg: recevied direct cfg cmd: type=8, chl_id=1 client_id=1  rate=1024000, rsvd=0 0 0 0
[ 8088.042547] sensorhub_manager_send_msg: ret=0, response message cmd=2 resp=0
[ 8088.042756] [SENSOR_CORE] sensor sensor_core_direct_cfg client_id=1 client_name=TrackingService
[ 8088.043008] [SENSORHUB_MANAGER] sensorhub_manager_direct_cfg: recevied direct cfg cmd: type=9, chl_id=1 client_id=1  rate=1024000, rsvd=0 0 0 0
[ 8088.043595] sensorhub_manager_send_msg: ret=0, response message cmd=2 resp=0
[ 8088.043806] [SENSOR_CORE] sensor sensor_core_direct_cfg client_id=1 client_name=TrackingService
[ 8088.044056] [SENSORHUB_MANAGER] sensorhub_manager_direct_cfg: recevied direct cfg cmd: type=10, chl_id=1 client_id=1  rate=1024000, rsvd=0 0 0 0
[ 8088.044706] sensorhub_manager_send_msg: ret=0, response message cmd=2 resp=0
[ 8088.115585] [SENSOR_CORE] sensor sensor_core_open client_id=2 client_name=TrackingService
[ 8088.116069] [SENSOR_CORE] sensor sensor_core_direct_alloc_channel client_id=2 client_name=TrackingService
[ 8088.116364] [SENSOR_CORE] sensor alloc region name=sshub_ddr size=0x9d000! 
[ 8088.116580] [SENSOR_CORE] sensor sensor_core_direct_alloc_channel client_id=2 client_name=TrackingService
[ 8088.117457] [SENSOR_CORE] sensor alloc region name=sshub_sram size=0x7000! 
[ 8088.117728] [INFO](lq_create): lq:flick_raw_q is already created
[ 8088.118262] [SENSOR_CORE] sensor sensor_core_direct_connect_channel client_id=2 client_name=TrackingService
[ 8088.118750] sensorhub_manager_send_msg: ret=0, response message cmd=1 resp=0
[ 8088.118988] [SENSOR_CORE] sensor sensor_core_direct_cfg client_id=2 client_name=TrackingService
[ 8088.119355] [SENSORHUB_MANAGER] sensorhub_manager_direct_cfg: recevied direct cfg cmd: type=13, chl_id=3 client_id=2  rate=276480, rsvd=0 64 16666 0
[ 8088.120014] sensorhub_manager_send_msg: ret=0, response message cmd=2 resp=0
[ 8088.120263] [SENSOR_CORE] sensd sigio poll_in 
[ 8088.120485] [SENSOR_CORE] sensor sensor_core_direct_cfg client_id=2 client_name=TrackingService
[ 8088.120787] [SENSORHUB_MANAGER] sensorhub_manager_direct_cfg: recevied direct cfg cmd: type=14, chl_id=3 client_id=2  rate=276480, rsvd=32768008 0 0 0
[ 8088.121370] sensorhub_manager_send_msg: ret=0, response message cmd=2 resp=0
[ 8088.121645] [SENSOR_CORE] sensd sigio poll_in 
[ 8088.589474] brp_open: power on
[ 8088.590459] btd-pdomain btd-power-domain.0: power on pd-dsp
[ 8088.591139] brp 424fc000.dsp: open brp device
[ 8088.706745] brp_open: power on
[ 8088.706898] brp 424fc000.dsp: open brp device
[ 8088.956765] brp_open: power on
[ 8088.956917] brp 424fc000.dsp: open brp device
[ 8090.620619] Previous task(9059:9058) is ongoing, wait here!
[ 8090.897036] Previous task(9097:9096) is ongoing, wait here!
[ 8091.105820] Previous task(9124:9123) is ongoing, wait here!
[ 8091.146696] Previous task(9130:9129) is ongoing, wait here!
[ 8091.563281] Previous task(9190:9189) is ongoing, wait here!
[ 8091.605369] Previous task(9196:9195) is ongoing, wait here!
[ 8094.272129] Previous task(9556:9555) is ongoing, wait here!
[ 8094.771602] Previous task(9627:9626) is ongoing, wait here!
[ 8094.896197] Previous task(9644:9643) is ongoing, wait here!
[ 8095.688269] Previous task(9752:9751) is ongoing, wait here!
[ 8097.063374] Previous task(9939:9938) is ongoing, wait here!
[ 8097.104911] Previous task(9945:9944) is ongoing, wait here!
[ 8097.715210] Previous task(10030:10029) is ongoing, wait here!
[ 8099.172078] gen_pool_heap: dmabuf is not allocated from the generic pool heap
[ 8099.172525] gen_pool_heap: dmabuf is not allocated from the generic pool heap
[ 8099.172746] sharedata: dmabuf-controller_data is not allocated from the generic pool heap
[ 8099.582433] [SENSOR_CORE] sensor sensor_core_direct_cfg client_id=1 client_name=TrackingService
[ 8099.582761] [SENSORHUB_MANAGER] sensorhub_manager_direct_cfg: recevied direct cfg cmd: type=6, chl_id=1 client_id=1  rate=0, rsvd=0 0 0 0
[ 8099.583701] sensorhub_manager_send_msg: ret=0, response message cmd=2 resp=0
[ 8099.584213] [SENSOR_CORE] sensor sensor_core_direct_cfg client_id=1 client_name=TrackingService
[ 8099.584648] [SENSORHUB_MANAGER] sensorhub_manager_direct_cfg: recevied direct cfg cmd: type=6, chl_id=1 client_id=1  rate=1024000, rsvd=0 0 0 0
[ 8099.585487] sensorhub_manager_send_msg: ret=0, response message cmd=2 resp=0
[ 8099.618744] [SENSOR_CORE] sensor sensor_core_direct_cfg client_id=1 client_name=TrackingService
[ 8099.619080] [SENSORHUB_MANAGER] sensorhub_manager_direct_cfg: recevied direct cfg cmd: type=6, chl_id=1 client_id=1  rate=0, rsvd=0 0 0 0
[ 8099.619858] sensorhub_manager_send_msg: ret=0, response message cmd=2 resp=0
[ 8099.620540] [SENSOR_CORE] sensor sensor_core_direct_cfg client_id=1 client_name=TrackingService
[ 8099.621766] [SENSORHUB_MANAGER] sensorhub_manager_direct_cfg: recevied direct cfg cmd: type=6, chl_id=1 client_id=1  rate=1024000, rsvd=0 0 0 0
[ 8099.622486] sensorhub_manager_send_msg: ret=0, response message cmd=2 resp=0
[ 8099.635209] brp 424fc000.dsp: close brp device
[ 8099.635393] brp_release: power off
[ 8099.636195] brp 424fc000.dsp: close brp device
[ 8099.636339] brp_release: power off
[ 8099.636559] brp 424fc000.dsp: close brp device
[ 8099.636806] brp_release: power off
[ 8099.636936] btd-pdomain btd-power-domain.0: power off pd-dsp
[ 8099.677967] brp_open: power on
[ 8099.678767] btd-pdomain btd-power-domain.0: power on pd-dsp
[ 8099.679148] brp 424fc000.dsp: open brp device
[ 8099.809209] brp_open: power on
[ 8099.809378] brp 424fc000.dsp: open brp device
[ 8101.520649] Previous task(10551:10550) is ongoing, wait here!
[ 8104.564855] Refresh FRA info done!
[ 8104.637097] vivian_dpu 50200000.dpu: FRA adjust done!
[ 8104.672583] Refresh FRA info done!
[ 8104.746563] vivian_dpu 50200000.dpu: FRA adjust done!
[ 8104.768142] Refresh FRA info done!
[ 8104.841148] vivian_dpu 50200000.dpu: FRA adjust done!
[ 8104.882405] Refresh FRA info done!
[ 8104.947957] vivian_dpu 50200000.dpu: FRA adjust done!
[ 8104.956451] Previous task(11024:11023) is ongoing, wait here!
[ 8104.968933] Refresh FRA info done!
[ 8105.039910] vivian_dpu 50200000.dpu: FRA adjust done!
[ 8105.073883] Refresh FRA info done!
[ 8105.143765] vivian_dpu 50200000.dpu: FRA adjust done!
[ 8105.164029] Refresh FRA info done!
[ 8105.228902] Previous task(11062:11061) is ongoing, wait here!
[ 8105.233506] vivian_dpu 50200000.dpu: FRA adjust done!
[ 8105.266043] Refresh FRA info done!
[ 8105.334737] vivian_dpu 50200000.dpu: FRA adjust done!
[ 8105.366881] Refresh FRA info done!
[ 8105.434927] vivian_dpu 50200000.dpu: FRA adjust done!
[ 8105.466559] Refresh FRA info done!
[ 8105.533453] vivian_dpu 50200000.dpu: FRA adjust done!
[ 8105.564860] Refresh FRA info done!
[ 8105.630968] vivian_dpu 50200000.dpu: FRA adjust done!
[ 8105.674067] Refresh FRA info done!
[ 8105.739365] vivian_dpu 50200000.dpu: FRA adjust done!
[ 8105.771985] Refresh FRA info done!
[ 8105.834536] vivian_dpu 50200000.dpu: FRA adjust done!
[ 8105.864607] Refresh FRA info done!
[ 8105.928667] vivian_dpu 50200000.dpu: FRA adjust done!
[ 8105.970021] Refresh FRA info done!
[ 8106.033265] vivian_dpu 50200000.dpu: FRA adjust done!
[ 8106.074146] Refresh FRA info done!
[ 8106.136735] vivian_dpu 50200000.dpu: FRA adjust done!
[ 8106.165612] Refresh FRA info done!
[ 8106.227695] vivian_dpu 50200000.dpu: FRA adjust done!
[ 8106.267242] Refresh FRA info done!
[ 8106.328788] vivian_dpu 50200000.dpu: FRA adjust done!
[ 8112.339958] brp 424fc000.dsp: close brp device
[ 8112.340168] brp_release: power off
[ 8112.341427] brp 424fc000.dsp: close brp device
[ 8112.341728] brp_release: power off
[ 8112.341881] btd-pdomain btd-power-domain.0: power off pd-dsp
[ 8112.436571] brp_open: power on
[ 8112.437512] btd-pdomain btd-power-domain.0: power on pd-dsp
[ 8112.437896] brp 424fc000.dsp: open brp device
[ 8112.559972] brp_open: power on
[ 8112.560146] brp 424fc000.dsp: open brp device
[ 8112.710028] brp_open: power on
[ 8112.710298] brp 424fc000.dsp: open brp device
[ 8126.768602] Previous task(13939:13938) is ongoing, wait here!
[ 8126.800648] Previous task(13943:13942) is ongoing, wait here!
[ 8140.193857] gen_pool_heap: dmabuf is not allocated from the generic pool heap
[ 8140.194135] gen_pool_heap: dmabuf is not allocated from the generic pool heap
[ 8140.194541] sharedata: dmabuf-controller_data is not allocated from the generic pool heap
[ 8140.618439] [SENSOR_CORE] sensor sensor_core_direct_cfg client_id=1 client_name=TrackingService
[ 8140.618761] [SENSORHUB_MANAGER] sensorhub_manager_direct_cfg: recevied direct cfg cmd: type=6, chl_id=1 client_id=1  rate=0, rsvd=0 0 0 0
[ 8140.620090] sensorhub_manager_send_msg: ret=0, response message cmd=2 resp=0
[ 8140.620323] [SENSOR_CORE] sensor sensor_core_direct_cfg client_id=1 client_name=TrackingService
[ 8140.620580] [SENSORHUB_MANAGER] sensorhub_manager_direct_cfg: recevied direct cfg cmd: type=6, chl_id=1 client_id=1  rate=1024000, rsvd=0 0 0 0
[ 8140.621248] sensorhub_manager_send_msg: ret=0, response message cmd=2 resp=0
[ 8140.647479] [SENSOR_CORE] sensor sensor_core_direct_cfg client_id=1 client_name=TrackingService
[ 8140.647815] [SENSORHUB_MANAGER] sensorhub_manager_direct_cfg: recevied direct cfg cmd: type=6, chl_id=1 client_id=1  rate=0, rsvd=0 0 0 0
[ 8140.648538] sensorhub_manager_send_msg: ret=0, response message cmd=2 resp=0
[ 8140.649248] [SENSOR_CORE] sensor sensor_core_direct_cfg client_id=1 client_name=TrackingService
[ 8140.650260] [SENSORHUB_MANAGER] sensorhub_manager_direct_cfg: recevied direct cfg cmd: type=6, chl_id=1 client_id=1  rate=1024000, rsvd=0 0 0 0
[ 8140.650960] sensorhub_manager_send_msg: ret=0, response message cmd=2 resp=0
[ 8140.682335] brp 424fc000.dsp: close brp device
[ 8140.683054] brp_release: power off
[ 8140.684665] brp 424fc000.dsp: close brp device
[ 8140.684805] brp_release: power off
[ 8140.685025] brp 424fc000.dsp: close brp device
[ 8140.685289] brp_release: power off
[ 8140.685417] btd-pdomain btd-power-domain.0: power off pd-dsp
[ 8140.758562] brp_open: power on
[ 8140.759382] btd-pdomain btd-power-domain.0: power on pd-dsp
[ 8140.760208] brp 424fc000.dsp: open brp device
[ 8140.892963] brp_open: power on
[ 8140.893164] brp 424fc000.dsp: open brp device
[ 8146.901623] Previous task(16647:16646) is ongoing, wait here!
[ 8160.603226] brp 424fc000.dsp: close brp device
[ 8160.603409] brp_release: power off
[ 8160.604190] brp 424fc000.dsp: close brp device
[ 8160.604425] brp_release: power off
[ 8160.604552] btd-pdomain btd-power-domain.0: power off pd-dsp
[ 8160.716842] brp_open: power on
[ 8160.717713] btd-pdomain btd-power-domain.0: power on pd-dsp
[ 8160.718068] brp 424fc000.dsp: open brp device
[ 8160.879926] brp_open: power on
[ 8160.880077] brp 424fc000.dsp: open brp device
[ 8161.039631] brp_open: power on
[ 8161.039783] brp 424fc000.dsp: open brp device
[ 8173.038493] [info]: ipcdev_ioctl(411): ipc read command triggered
[ 8173.040515] tetras-ipcdev soc:im_ipc_1@1: ipc close command triggered
[ 8173.040876] im-pmctrl soc:im_pm_ctrl_1@1: [im_pm_ctrl_1]: isp power control power-dis start
[ 8173.041338] im-pmctrl soc:im_pm_ctrl_1@1: Chip im_pm_ctrl_1 power off! ref cnt 1
[ 8173.041569] im-pmctrl soc:im_pm_ctrl_1@1: [im_pm_ctrl_1]: isp power control power-dis done
[ 8173.052959] btd-pdomain btd-power-domain.5: power off pd-mipi-csi-rgb
[ 8173.637923] [info]: ipcdev_ioctl(411): ipc read command triggered
[ 8173.638926] tetras-ipcdev soc:im_ipc_0@0: ipc close command triggered
[ 8173.639715] im-pmctrl soc:im_pm_ctrl_0@0: [im_pm_ctrl_0]: isp power control power-dis start
[ 8173.640040] im-pmctrl soc:im_pm_ctrl_0@0: Chip im_pm_ctrl_0 power off! ref cnt 0
[ 8173.642351] im-pmctrl soc:im_pm_ctrl_0@0: Global dev power off. Operator im_pm_ctrl_0, ref cnt 0
[ 8173.642701] im-pmctrl soc:im_pm_ctrl_0@0: [im_pm_ctrl_0]: isp power control power-dis done
[ 8173.642970] im-pmctrl soc:im_pm_ctrl_0@0: [im_pm_ctrl_0]: tcxo level falling, high_count=1
[ 8173.643231] im-pmctrl soc:im_pm_ctrl_0@0: [im_pm_ctrl_0]: AI-ISP tcxo dis report!
[ 8173.646545] im-pmctrl soc:im_pm_ctrl_1@1: [im_pm_ctrl_1]: tcxo level falling, high_count=0
[ 8173.646826] im-pmctrl soc:im_pm_ctrl_1@1: [im_pm_ctrl_1]: AI-ISP tcxo dis report!
[ 8173.648472] btd-pdomain btd-power-domain.6: power off pd-isp-rgb
[ 8173.656937] [SENSOR_CORE] sensor sensor_core_direct_cfg client_id=4 client_name=T0C1-SensorRead
[ 8173.657208] [SENSORHUB_MANAGER] sensorhub_manager_direct_cfg: recevied direct cfg cmd: type=-1, chl_id=1 client_id=4  rate=0, rsvd=0 0 0 0
[ 8173.657881] sensorhub_manager_send_msg: ret=0, response message cmd=2 resp=0
[ 8173.658231] [SENSOR_CORE] sensor sensor_core_direct_disconnect_channel client_id=4 client_name=T0C1-SensorRead
[ 8173.659350] sensorhub_manager_send_msg: ret=0, response message cmd=3 resp=0
[ 8173.659666] [SENSOR_CORE] sensor sensor_core_direct_cfg client_id=5 client_name=T0C1-SensorRead
[ 8173.659916] [SENSORHUB_MANAGER] sensorhub_manager_direct_cfg: recevied direct cfg cmd: type=-1, chl_id=3 client_id=5  rate=0, rsvd=0 0 0 0
[ 8173.660653] sensorhub_manager_send_msg: ret=0, response message cmd=2 resp=0
[ 8173.662149] [SENSOR_CORE] sensd sigio poll_out 29
[ 8173.662393] [SENSOR_CORE] sensd sigio poll_out 29
[ 8173.662589] [SENSOR_CORE] sensor sensor_core_direct_disconnect_channel client_id=5 client_name=T0C1-SensorRead
[ 8173.662986] sensorhub_manager_send_msg: ret=0, response message cmd=3 resp=0
[ 8173.663374] [SENSOR_CORE] sensor_core_release client_id=4 client_name=T0C1-SensorRead 
[ 8173.663612] [SENSOR_CORE] sensor client_free 
[ 8173.663833] [SENSOR_CORE] sensor_core_release client_id=5 client_name=T0C1-SensorRead 
[ 8173.664186] [SENSOR_CORE] sensor client_free 
[ 8173.675118] btd-pdomain btd-power-domain.7: power off pd-mipi-csi-tx
[ 8173.685954] vivian_dpu 50360000.dpu: Disable all IRQs!
[ 8173.688158] Polling dpu status timeout(20)!
[ 8173.688432] vivian_dpu 50200000.dpu: Disable all IRQs!
[ 8173.690623] Polling dpu status timeout(20)!
[ 8173.690851] vivian_dpu 50360000.dpu: Disable all IRQs!
[ 8173.691101] vivian_dpu 50200000.dpu: Disable all IRQs!
[ 8173.691309] btd-pdomain btd-power-domain.4: power off pd-dpu
[ 8173.701857] mipi-dsi 43900000.dsitx_ss: stream off ret=0
[ 8173.702073] mipi-dsi 43900000.dsitx_ss: subsys power off
[ 8173.702291] btd-pdomain btd-power-domain.3: power off pd-mipi-dsi-tx
[ 8173.702538] mipi-dsi 43900000.dsitx_ss: power ctrl: off
[ 8173.702719] mipi-dsi 43880000.dsirx_ss: subsys power off
[ 8173.702917] btd-pdomain btd-power-domain.2: power off pd-mipi-dsi-rx
[ 8173.703154] mipi-dsi 43880000.dsirx_ss: power ctrl: off
[ 8179.267274] btd-pdomain btd-power-domain.6: power on pd-isp-rgb
[ 8179.280508] mipi-dsi 43900000.dsitx_ss: reset...
[ 8179.280754] mipi-dsi 43880000.dsirx_ss: do reset
[ 8179.291207] btd-pdomain btd-power-domain.3: power on pd-mipi-dsi-tx
[ 8179.291487] mipi-dsi 43900000.dsitx_ss: subsys power on
[ 8179.291655] mipi-dsi 43900000.dsitx_ss: power ctrl: on
[ 8179.295424] mipi-dsi 43900000.dsitx_ss: dsitx start ret=0
[ 8179.295643] mipi-dsi 43900000.dsitx_ss: stream on ret=0
[ 8179.295835] btd-pdomain btd-power-domain.2: power on pd-mipi-dsi-rx
[ 8179.296080] mipi-dsi 43880000.dsirx_ss: subsys power on
[ 8179.296262] mipi-dsi 43880000.dsirx_ss: power ctrl: on
[ 8179.301647] wait dsirx stop done!
[ 8179.301769] mipi-dsi 43880000.dsirx_ss: init done
[ 8179.301948] mipi-dsi 43880000.dsirx_ss: dsirx start ret=0
[ 8179.302160] btd-pdomain btd-power-domain.4: power on pd-dpu
[ 8179.302621] vivian_dpu 50360000.dpu: Turn on IRQ: 0x401c000, 0xffffff7f, 0xffffffff!
[ 8179.302934] vivian_dpu 50200000.dpu: Turn on IRQ: 0x401c000, 0xffffff7f, 0xffffffff!
vivianvst_dpu_ouc_set_scaler_out_size 494: output size unchanged!
[ 8179.304267] vivian_dpu 50360000.dpu: Turn on IRQ: 0x401c000, 0xffffff7f, 0xffffffff!
vivianvst_dpu_ouc_set_scaler_out_size 494: output size unchanged!
[ 8179.305699] vivian_dpu 50200000.dpu: Turn on IRQ: 0x401c000, 0xffffff7f, 0xffffffff!
[ 8179.436161] [SENSOR_CORE] sensor sensor_core_open client_id=4 client_name=T0C1-SensorRead
[ 8180.050231] [SENSOR_CORE] sensor sensor_core_direct_alloc_channel client_id=4 client_name=T0C1-SensorRead
[ 8180.050560] [SENSOR_CORE] sensor alloc region name=sshub_sram size=0x7000! 
[ 8180.050923] [INFO](lq_create): lq:imu_raw_q is already created
[ 8180.051267] [SENSOR_CORE] sensor sensor_core_direct_connect_channel client_id=4 client_name=T0C1-SensorRead
[ 8180.052519] sensorhub_manager_send_msg: ret=0, response message cmd=1 resp=0
[ 8180.052918] [SENSOR_CORE] sensor sensor_core_open client_id=5 client_name=T0C1-SensorRead
[ 8180.053410] [SENSOR_CORE] sensor sensor_core_direct_alloc_channel client_id=5 client_name=T0C1-SensorRead
[ 8180.053711] [SENSOR_CORE] sensor alloc region name=sshub_ddr size=0x9d000! 
[ 8180.053930] [SENSOR_CORE] sensor sensor_core_direct_alloc_channel client_id=5 client_name=T0C1-SensorRead
[ 8180.054365] [SENSOR_CORE] sensor alloc region name=sshub_sram size=0x7000! 
[ 8180.055847] [INFO](lq_create): lq:flick_raw_q is already created
[ 8180.056578] [SENSOR_CORE] sensor sensor_core_direct_connect_channel client_id=5 client_name=T0C1-SensorRead
[ 8180.057015] sensorhub_manager_send_msg: ret=0, response message cmd=1 resp=0
[ 8180.058683] [sensorhub] Received calibration data (*1000000): 5279 999964 -8703 -939119 8151 336311 336943 6139 937707 510 -32113 -20687
[ 8180.059863] [sensorhub] ACC calibration data sent
[ 8180.060036] [SENSOR_CORE] sensor sensor_core_direct_cfg client_id=4 client_name=T0C1-SensorRead
[ 8180.060351] [SENSORHUB_MANAGER] sensorhub_manager_direct_cfg: recevied direct cfg cmd: type=1, chl_id=1 client_id=4  rate=1024000, rsvd=0 0 0 0
[ 8180.060904] sensorhub_manager_send_msg: ret=0, response message cmd=2 resp=0
[ 8180.065108] [sensorhub] Received calibration data (*1000000): 3190 998807 -8682 -936764 8621 339580 334307 7080 941067 19177 9643 -5372
[ 8180.066875] [sensorhub] GYR calibration data sent
[ 8180.067101] [SENSOR_CORE] sensor sensor_core_direct_cfg client_id=4 client_name=T0C1-SensorRead
[ 8180.067447] [SENSORHUB_MANAGER] sensorhub_manager_direct_cfg: recevied direct cfg cmd: type=2, chl_id=1 client_id=4  rate=1024000, rsvd=0 0 0 0
[ 8180.069474] sensorhub_manager_send_msg: ret=0, response message cmd=2 resp=0
[ 8180.069788] [SENSOR_CORE] sensor sensor_core_direct_cfg client_id=5 client_name=T0C1-SensorRead
[ 8180.070093] [SENSORHUB_MANAGER] sensorhub_manager_direct_cfg: recevied direct cfg cmd: type=13, chl_id=3 client_id=5  rate=276480, rsvd=0 64 16666 0
[ 8180.070790] sensorhub_manager_send_msg: ret=0, response message cmd=2 resp=0
[ 8180.071255] [SENSOR_CORE] sensd sigio poll_in 
[ 8180.071452] [SENSOR_CORE] sensor sensor_core_direct_cfg client_id=5 client_name=T0C1-SensorRead
[ 8180.071786] [SENSORHUB_MANAGER] sensorhub_manager_direct_cfg: recevied direct cfg cmd: type=14, chl_id=3 client_id=5  rate=276480, rsvd=32768008 0 0 0
[ 8180.072543] sensorhub_manager_send_msg: ret=0, response message cmd=2 resp=0
[ 8180.072954] [SENSOR_CORE] sensd sigio poll_in 
[ 8180.113879] btd-pdomain btd-power-domain.7: power on pd-mipi-csi-tx
[ 8180.339687] im-pmctrl soc:im_pm_ctrl_1@1: [im_pm_ctrl_1]: isp power control power-dis start
[ 8180.345158] im-pmctrl soc:im_pm_ctrl_1@1: [im_pm_ctrl_1]: isp power control power-dis done
[ 8180.345522] im-pmctrl soc:im_pm_ctrl_1@1: [im_pm_ctrl_1]: isp power control power-en start
[ 8180.348629] im-pmctrl soc:im_pm_ctrl_1@1: Global dev power on. Operator im_pm_ctrl_1, ref cnt 1
[ 8180.348880] im-pmctrl soc:im_pm_ctrl_1@1: [im_pm_ctrl_1]: isp power control power-en done
[ 8180.349137] im-pmctrl soc:im_pm_ctrl_0@0: [im_pm_ctrl_0]: tcxo level rising, high_count=1
[ 8180.349425] im-pmctrl soc:im_pm_ctrl_0@0: [im_pm_ctrl_0]: AI-ISP tcxo en report!
[ 8180.352664] im-pmctrl soc:im_pm_ctrl_1@1: [im_pm_ctrl_1]: tcxo level rising, high_count=2
[ 8180.352942] im-pmctrl soc:im_pm_ctrl_1@1: [im_pm_ctrl_1]: AI-ISP tcxo en report!
[ 8180.356337] im-pmctrl soc:im_pm_ctrl_1@1: [im_pm_ctrl_1]: isp power control reset start
[ 8180.356668] im-pmctrl soc:im_pm_ctrl_1@1: [im_pm_ctrl_1]: isp power control reset done
[ 8180.364267] im-pmctrl soc:im_pm_ctrl_1@1: [im_pm_ctrl_1]: isp power control de-reset start
[ 8180.378138] im-pmctrl soc:im_pm_ctrl_1@1: [im_pm_ctrl_1]: isp power control de-reset done
[ 8180.379046] tetras-ipcdev soc:im_ipc_1@1: ipc open command triggered
[ 8180.379310] [info]: ipcdev_ioctl(411): ipc read command triggered
[ 8181.486577] btd-pdomain btd-power-domain.5: power on pd-mipi-csi-rgb
[ 8182.717885] im-pmctrl soc:im_pm_ctrl_0@0: [im_pm_ctrl_0]: isp power control power-dis start
[ 8182.718660] im-pmctrl soc:im_pm_ctrl_0@0: [im_pm_ctrl_0]: isp power control power-dis done
[ 8182.719279] im-pmctrl soc:im_pm_ctrl_0@0: [im_pm_ctrl_0]: isp power control power-en start
[ 8182.719518] im-pmctrl soc:im_pm_ctrl_0@0: Chip im_pm_ctrl_0 power on! ref cnt 2
[ 8182.720263] im-pmctrl soc:im_pm_ctrl_0@0: [im_pm_ctrl_0]: isp power control power-en done
[ 8182.720541] im-pmctrl soc:im_pm_ctrl_0@0: [im_pm_ctrl_0]: isp power control reset start
[ 8182.721660] im-pmctrl soc:im_pm_ctrl_0@0: [im_pm_ctrl_0]: isp power control reset done
[ 8182.727465] im-pmctrl soc:im_pm_ctrl_0@0: [im_pm_ctrl_0]: isp power control de-reset start
[ 8182.743341] im-pmctrl soc:im_pm_ctrl_0@0: [im_pm_ctrl_0]: isp power control de-reset done
[ 8182.750195] tetras-ipcdev soc:im_ipc_0@0: ipc open command triggered
[ 8182.750496] [info]: ipcdev_ioctl(411): ipc read command triggered
[ 8189.711264] [info]: ipcdev_ioctl(411): ipc read command triggered
[ 8189.716490] tetras-ipcdev soc:im_ipc_1@1: ipc close command triggered
[ 8189.716894] im-pmctrl soc:im_pm_ctrl_1@1: [im_pm_ctrl_1]: isp power control power-dis start
[ 8189.717137] im-pmctrl soc:im_pm_ctrl_1@1: Chip im_pm_ctrl_1 power off! ref cnt 1
[ 8189.717383] im-pmctrl soc:im_pm_ctrl_1@1: [im_pm_ctrl_1]: isp power control power-dis done
[ 8189.736522] btd-pdomain btd-power-domain.5: power off pd-mipi-csi-rgb
[ 8190.089337] [info]: ipcdev_ioctl(411): ipc read command triggered
[ 8190.090981] tetras-ipcdev soc:im_ipc_0@0: ipc close command triggered
[ 8190.091364] im-pmctrl soc:im_pm_ctrl_0@0: [im_pm_ctrl_0]: isp power control power-dis start
[ 8190.091817] im-pmctrl soc:im_pm_ctrl_0@0: Chip im_pm_ctrl_0 power off! ref cnt 0
[ 8190.095127] im-pmctrl soc:im_pm_ctrl_0@0: Global dev power off. Operator im_pm_ctrl_0, ref cnt 0
[ 8190.095481] im-pmctrl soc:im_pm_ctrl_0@0: [im_pm_ctrl_0]: isp power control power-dis done
[ 8190.095778] im-pmctrl soc:im_pm_ctrl_0@0: [im_pm_ctrl_0]: tcxo level falling, high_count=1
[ 8190.096021] im-pmctrl soc:im_pm_ctrl_0@0: [im_pm_ctrl_0]: AI-ISP tcxo dis report!
[ 8190.099306] btd-pdomain btd-power-domain.6: power off pd-isp-rgb
[ 8190.099313] im-pmctrl soc:im_pm_ctrl_1@1: [im_pm_ctrl_1]: tcxo level falling, high_count=0
[ 8190.099766] im-pmctrl soc:im_pm_ctrl_1@1: [im_pm_ctrl_1]: AI-ISP tcxo dis report!
[ 8190.114924] [SENSOR_CORE] sensor sensor_core_direct_cfg client_id=4 client_name=T0C1-SensorRead
[ 8190.115991] [SENSORHUB_MANAGER] sensorhub_manager_direct_cfg: recevied direct cfg cmd: type=-1, chl_id=1 client_id=4  rate=0, rsvd=0 0 0 0
[ 8190.116640] sensorhub_manager_send_msg: ret=0, response message cmd=2 resp=0
[ 8190.116917] [SENSOR_CORE] sensor sensor_core_direct_disconnect_channel client_id=4 client_name=T0C1-SensorRead
[ 8190.117327] sensorhub_manager_send_msg: ret=0, response message cmd=3 resp=0
[ 8190.117677] [SENSOR_CORE] sensor sensor_core_direct_cfg client_id=5 client_name=T0C1-SensorRead
[ 8190.118284] [SENSORHUB_MANAGER] sensorhub_manager_direct_cfg: recevied direct cfg cmd: type=-1, chl_id=3 client_id=5  rate=0, rsvd=0 0 0 0
[ 8190.119411] sensorhub_manager_send_msg: ret=0, response message cmd=2 resp=0
[ 8190.120147] [SENSOR_CORE] sensd sigio poll_out 29
[ 8190.120388] [SENSOR_CORE] sensd sigio poll_out 29
[ 8190.120573] [SENSOR_CORE] sensor sensor_core_direct_disconnect_channel client_id=5 client_name=T0C1-SensorRead
[ 8190.121538] sensorhub_manager_send_msg: ret=0, response message cmd=3 resp=0
[ 8190.122092] [SENSOR_CORE] sensor_core_release client_id=4 client_name=T0C1-SensorRead 
[ 8190.122411] [SENSOR_CORE] sensor client_free 
[ 8190.122650] [SENSOR_CORE] sensor_core_release client_id=5 client_name=T0C1-SensorRead 
[ 8190.123139] [SENSOR_CORE] sensor client_free 
[ 8190.129911] btd-pdomain btd-power-domain.7: power off pd-mipi-csi-tx
[ 8190.136899] vivian_dpu 50360000.dpu: Disable all IRQs!
[ 8190.141673] Polling dpu status timeout(20)!
[ 8190.141934] vivian_dpu 50200000.dpu: Disable all IRQs!
[ 8190.144052] Polling dpu status timeout(20)!
[ 8190.144271] vivian_dpu 50360000.dpu: Disable all IRQs!
[ 8190.144507] vivian_dpu 50200000.dpu: Disable all IRQs!
[ 8190.144748] btd-pdomain btd-power-domain.4: power off pd-dpu
[ 8190.155278] mipi-dsi 43900000.dsitx_ss: stream off ret=0
[ 8190.155656] mipi-dsi 43900000.dsitx_ss: subsys power off
[ 8190.155998] btd-pdomain btd-power-domain.3: power off pd-mipi-dsi-tx
[ 8190.156237] mipi-dsi 43900000.dsitx_ss: power ctrl: off
[ 8190.156566] mipi-dsi 43880000.dsirx_ss: subsys power off
[ 8190.156757] btd-pdomain btd-power-domain.2: power off pd-mipi-dsi-rx
[ 8190.157116] mipi-dsi 43880000.dsirx_ss: power ctrl: off
[ 8309.396919] brp 424fc000.dsp: close brp device
[ 8309.397090] brp_release: power off
[ 8309.397904] brp 424fc000.dsp: close brp device
[ 8309.398040] brp_release: power off
[ 8309.398261] brp 424fc000.dsp: close brp device
[ 8309.398522] brp_release: power off
[ 8309.398648] btd-pdomain btd-power-domain.0: power off pd-dsp
[ 8309.670536] [SENSOR_CORE] sensor sensor_core_direct_disconnect_channel client_id=2 client_name=TrackingService
[ 8309.671150] sensorhub_manager_send_msg: ret=0, response message cmd=3 resp=0
[ 8309.671438] [SENSOR_CORE] sensor_core_release client_id=2 client_name=TrackingService 
[ 8309.671680] [SENSOR_CORE] sensor client_free 
I0318 14:26:41.828164   403 unified_driver.cc:321] Powering off NPU, and PID is 240
[ 8310.150527] btd-pdomain btd-power-domain.8: power off pd-mipi-csi-mono
[ 8311.390638] btd-pdomain btd-power-domain.1: power off pd-npu
[ 8312.177315] [SENSOR_CORE] sensor sensor_core_direct_cfg client_id=1 client_name=TrackingService
[ 8312.177576] [SENSORHUB_MANAGER] sensorhub_manager_direct_cfg: recevied direct cfg cmd: type=-1, chl_id=1 client_id=1  rate=0, rsvd=0 0 0 0
[ 8312.178760] sensorhub_manager_send_msg: ret=0, response message cmd=2 resp=0
[ 8312.178992] [SENSOR_CORE] sensor sensor_core_direct_disconnect_channel client_id=1 client_name=TrackingService
[ 8312.179404] sensorhub_manager_send_msg: ret=0, response message cmd=3 resp=0
[ 8312.179716] [SENSOR_CORE] sensor_core_release client_id=1 client_name=TrackingService 
[ 8312.179956] [SENSOR_CORE] sensor s_mem_buf_free chl_id=1
[ 8312.180127] [SENSOR_CORE] sensor client_free 
[ 8312.184017] [SENSOR_CORE] sensor sensor_core_direct_cfg client_id=3 client_name=ap_sensor_servi
[ 8312.184273] [SENSORHUB_MANAGER] sensorhub_manager_direct_cfg: recevied direct cfg cmd: type=13, chl_id=3 client_id=3  rate=0, rsvd=0 0 0 0
[ 8312.184902] sensorhub_manager_send_msg: ret=0, response message cmd=2 resp=0
[ 8312.187094] [SENSOR_CORE] sensor sensor_core_direct_cfg client_id=3 client_name=ap_sensor_servi
[ 8312.187349] [SENSORHUB_MANAGER] sensorhub_manager_direct_cfg: recevied direct cfg cmd: type=14, chl_id=3 client_id=3  rate=0, rsvd=0 0 0 0
[ 8312.187962] sensorhub_manager_send_msg: ret=0, response message cmd=2 resp=0
[ 8312.193448] [SENSOR_CORE] sensor sensor_core_direct_cfg client_id=3 client_name=ap_sensor_servi
[ 8312.193700] [SENSORHUB_MANAGER] sensorhub_manager_direct_cfg: recevied direct cfg cmd: type=-1, chl_id=3 client_id=3  rate=0, rsvd=0 0 0 0
[ 8312.194232] sensorhub_manager_send_msg: ret=0, response message cmd=2 resp=0
[ 8312.194981] [SENSOR_CORE] sensor sensor_core_direct_disconnect_channel client_id=3 client_name=ap_sensor_servi
[ 8312.195423] sensorhub_manager_send_msg: ret=0, response message cmd=3 resp=0
[ 8312.195695] [SENSOR_CORE] sensor_core_release client_id=3 client_name=ap_sensor_servi 
[ 8312.195929] [SENSOR_CORE] sensor s_mem_buf_free chl_id=2
[ 8312.196326] [SENSOR_CORE] sensor s_mem_buf_free chl_id=3
[ 8312.196489] [SENSOR_CORE] sensor client_free 
[ 8315.246021] suspend the power domain device: 40919000.camera_mcu
[ 8315.246200] Before Poll sleep STAR1_SW_IRQ = 0x00000000
[ 8315.246356] disable camera mcu clk
[ 8315.246462] After camera_runtime_suspend STAR1_SW_IRQ = 0x00000000
[ 8315.246646] btd-pdomain btd-power-domain.9: power off pd-sh-star1
[ 8315.246874] camera mcu device closed, ret:0, from:7772.
[ 8315.335695] PM: suspend entry (deep)
[ 8315.335905] Filesystems sync: 0.000 seconds
[ 8315.338996] Freezing user space processes ... 
[ 8315.339756] dpu_event_dequeue(4000000) failed with -512!
[ 8315.339959] dpu_event_dequeue(4000) failed with -512!
[ 8315.340183] dpu_event_dequeue(4000000) failed with -512!
[ 8315.340206] dpu_event_dequeue(8000) failed with -512!
[ 8315.340505] dpu_event_dequeue(ffffffff) failed with -512!
[ 8315.340700] dpu_event_dequeue(4000) failed with -512!
[ 8315.340878] dpu_event_dequeue(8000) failed with -512!
[ 8315.341062] dpu_event_dequeue(ffffffff) failed with -512!
[ 8315.343190] (elapsed 0.004 seconds) done.
[ 8315.343344] OOM killer disabled.
[ 8315.343450] Freezing remaining freezable tasks ... (elapsed 0.002 seconds) done.
[ 8315.354067] sensorhub_manager 40a03000.sensorhub: Sensor Hub suspending...
[ 8315.354274] [sensorhub] sensorhub_debug_trigger_core_only_reset send out
[ 8315.357608] btd_vivian-pinctrl 400.pinctrl: btd_pmx_set_mux: func[0] group[1]
[ 8315.358041] bytedance power device suspend, suspend count: 2
[ 8315.358229] notify ap vivian sleep status via pl320
[ 8315.367004] dw_spi_mmio 40d07000.spi: spi mmio suspend
[ 8315.367232] btd_vivian-pinctrl 400.pinctrl: btd_pmx_set_mux: func[3] group[3]
[ 8315.367717] dw_spi_mmio 40d06000.spi: spi mmio suspend
[ 8315.367934] btd_vivian-pinctrl 400.pinctrl: btd_pmx_set_mux: func[3] group[2]
[ 8315.375057] vivian_msi_heartbeat 42e01000.vivian_msi_heartbeat: hrtimer num:16039,msi mask cfg changed(last:unmask,now:mask)
[ 8315.375364] vivian_msi_heartbeat 42e01000.vivian_msi_heartbeat: [1/2]curr CANNOT trigger msi ht(linkup,mask)
[ 8315.375640] vivian_msi_heartbeat 42e01000.vivian_msi_heartbeat: [2/2]num(timer:16039,lnkdw:0,mask:1,trig:16038),diff_ms:20(curr:8315375,lasttrig:8315355)
[ 8315.378786] vivian_msi_heartbeat 42e01000.vivian_msi_heartbeat: msi heartbeat suspend
[ 8315.385713] btd-pdomain btd-power-domain.10: power off pd-debugss
[ 8315.387631] Disabling non-boot CPUs ...
[ 8315.389235] psci: CPU1 killed (polled 4 ms)
[ 8315.392681] psci: CPU2 killed (polled 0 ms)
[ 8315.394582] psci: CPU3 killed (polled 0 ms)
[ 8315.396241] psci: CPU4 killed (polled 0 ms)
[ 8315.397920] psci: CPU5 killed (polled 0 ms)
[ 8315.399661] psci: CPU6 killed (polled 0 ms)
[ 8315.401309] psci: CPU7 killed (polled 0 ms)
[ 8676.235407] Enabling non-boot CPUs ...
[ 8676.235797] Detected VIPT I-cache on CPU1
[ 8676.235958] GICv3: CPU1: found redistributor 100 region 0:0x0000000040460000
[ 8676.236204] CPU1: Booted secondary processor 0x0000000100 [0x412fd050]
[ 8676.236400] dfx_irqoff_too_long_notify: 6 callbacks suppressed
[ 8676.236407] DFX_IRQ_MON: IRQs-off too long detected: 14611520 ns, Task: swapper/1, IP: ffffffc010111bb8, Parent IP: ffffffc0101118d4 !!!
[ 8676.236415] CPU: 1 PID: 0 Comm: swapper/1 Not tainted 5.10.162-00447-g0389e85ab28c #2
[ 8676.237118] Hardware name: Bytedance Vivian ASIC SWAN Board (DT)
[ 8676.237286] Call trace:
[ 8676.237374]  dump_backtrace+0x0/0x1f0
[ 8676.237481]  show_stack+0x20/0x30
[ 8676.237586]  dump_stack_lvl+0xe8/0x120
[ 8676.237692]  dump_stack+0x18/0x54
[ 8676.237790]  dfx_hard_irq_enable_cb+0x134/0x140
[ 8676.237931]  trace_hardirqs_on+0x1e0/0x230
[ 8676.238051]  secondary_start_kernel+0x12c/0x180
[ 8676.239634] CPU1 is up
[ 8676.239941] Detected VIPT I-cache on CPU2
[ 8676.240072] GICv3: CPU2: found redistributor 200 region 0:0x0000000040480000
[ 8676.240293] CPU2: Booted secondary processor 0x0000000200 [0x412fd050]
[ 8676.241529] CPU2 is up
[ 8676.241780] Detected VIPT I-cache on CPU3
[ 8676.241914] GICv3: CPU3: found redistributor 300 region 0:0x00000000404a0000
[ 8676.242142] CPU3: Booted secondary processor 0x0000000300 [0x412fd050]
[ 8676.243332] CPU3 is up
[ 8676.243591] Detected VIPT I-cache on CPU4
[ 8676.243724] GICv3: CPU4: found redistributor 400 region 0:0x00000000404c0000
[ 8676.243951] CPU4: Booted secondary processor 0x0000000400 [0x412fd050]
[ 8676.245149] CPU4 is up
[ 8676.245396] Detected VIPT I-cache on CPU5
[ 8676.245531] GICv3: CPU5: found redistributor 500 region 0:0x00000000404e0000
[ 8676.245754] CPU5: Booted secondary processor 0x0000000500 [0x412fd050]
[ 8676.246981] CPU5 is up
[ 8676.247237] Detected VIPT I-cache on CPU6
[ 8676.247369] GICv3: CPU6: found redistributor 600 region 0:0x0000000040500000
[ 8676.247597] CPU6: Booted secondary processor 0x0000000600 [0x412fd050]
[ 8676.248842] CPU6 is up
[ 8676.249100] Detected VIPT I-cache on CPU7
[ 8676.249235] GICv3: CPU7: found redistributor 700 region 0:0x0000000040520000
[ 8676.249459] CPU7: Booted secondary processor 0x0000000700 [0x412fd050]
[ 8676.250807] CPU7 is up
[ 8676.251725] btd-pdomain btd-power-domain.10: power on pd-debugss
[ 8676.251948] btd-pdomain btd-power-domain.1: power on pd-npu
[ 8676.252258] btd-pdomain btd-power-domain.4: power on pd-dpu
[ 8676.252715] btd-pdomain btd-power-domain.6: power on pd-isp-rgb
[ 8676.253065] btd-pdomain btd-power-domain.3: power on pd-mipi-dsi-tx
[ 8676.253319] btd-pdomain btd-power-domain.2: power on pd-mipi-dsi-rx
[ 8676.253561] btd-pdomain btd-power-domain.8: power on pd-mipi-csi-mono
[ 8676.253959] PM: genpd_resume_noirq: pd-sh-star1, skip resume
[ 8676.255053] btd-pdomain btd-power-domain.5: power on pd-mipi-csi-rgb
[ 8676.255452] btd-pdomain btd-power-domain.7: power on pd-mipi-csi-tx
[ 8676.256082] PM: genpd_resume_noirq: pd-dsp, skip resume
[ 8676.258044] vivian_msi_heartbeat 42e01000.vivian_msi_heartbeat: msi heartbeat resume
[ 8676.262399] dw_spi_mmio 40d06000.spi: spi mmio resume
[ 8676.262640] btd_vivian-pinctrl 400.pinctrl: btd_pmx_set_mux: func[3] group[2]
[ 8676.263128] dw_spi_mmio 40d07000.spi: spi mmio resume
[ 8676.263344] btd_vivian-pinctrl 400.pinctrl: btd_pmx_set_mux: func[3] group[3]
[ 8676.264059] bytedance power device resume, resume count: 2
[ 8676.278514] vivian_msi_heartbeat 42e01000.vivian_msi_heartbeat: hrtimer num:1,msi mask cfg changed(last:mask,now:unmask)
[ 8676.322249] hotplug_drv hmd-hotplug: hotplug resume
[ 8676.322422] btd_vivian-pinctrl 400.pinctrl: btd_pmx_set_mux: func[0] group[1]
[ 8676.373731] hotplug_drv hmd-hotplug: hmd state=2 (presnt=0, plugout=0)
[ 8676.374754] sensorhub_manager 40a03000.sensorhub: Sensorhub resuming...
[ 8676.374952] sensorhub_manager 40a03000.sensorhub: sensorhub_exception_core_only_reset_bh
[ 8676.380425] OOM killer enabled.
[ 8676.380526] Restarting tasks ... 
[ 8676.380643] btd-pdomain btd-power-domain.7: power off pd-mipi-csi-tx
[ 8676.380962] btd-pdomain btd-power-domain.5: power off pd-mipi-csi-rgb
[ 8676.381307] btd-pdomain btd-power-domain.8: power off pd-mipi-csi-mono
[ 8676.381556] btd-pdomain btd-power-domain.2: power off pd-mipi-dsi-rx
[ 8676.381778] btd-pdomain btd-power-domain.3: power off pd-mipi-dsi-tx
[ 8676.382011] btd-pdomain btd-power-domain.6: power off pd-isp-rgb
[ 8676.382253] btd-pdomain btd-power-domain.4: power off pd-dpu
[ 8676.382446] btd-pdomain btd-power-domain.1: power off pd-npu
[ 8676.383938] done.
[ 8676.384240] Resume cause unknown
[ 8676.384436] PM: suspend exit
[ 8676.384580] mipi-dsi 43900000.dsitx_ss: reset...
[ 8676.384632] mipi-dsi 43880000.dsirx_ss: do reset
[ 8676.386131] gen_pool_heap: dmabuf is not allocated from the generic pool heap
[ 8676.386359] gen_pool_heap: dmabuf is not allocated from the generic pool heap
[ 8676.386566] sharedata: dmabuf-controller_data is not allocated from the generic pool heap
[ 8676.395183] btd-pdomain btd-power-domain.3: power on pd-mipi-dsi-tx
[ 8676.395433] mipi-dsi 43900000.dsitx_ss: subsys power on
[ 8676.395809] mipi-dsi 43900000.dsitx_ss: power ctrl: on
[ 8676.399942] mipi-dsi 43900000.dsitx_ss: dsitx start ret=0
[ 8676.400131] mipi-dsi 43900000.dsitx_ss: stream on ret=0
[ 8676.400472] btd-pdomain btd-power-domain.2: power on pd-mipi-dsi-rx
[ 8676.400692] mipi-dsi 43880000.dsirx_ss: subsys power on
[ 8676.400860] mipi-dsi 43880000.dsirx_ss: power ctrl: on
[ 8676.406298] wait dsirx stop done!
[ 8676.406407] mipi-dsi 43880000.dsirx_ss: init done
[ 8676.406550] mipi-dsi 43880000.dsirx_ss: dsirx start ret=0
[ 8676.406738] btd-pdomain btd-power-domain.4: power on pd-dpu
[ 8676.407182] vivian_dpu 50360000.dpu: Turn on IRQ: 0x401c000, 0xffffff7f, 0xffffffff!
[ 8676.407485] vivian_dpu 50200000.dpu: Turn on IRQ: 0x401c000, 0xffffff7f, 0xffffffff!
vivianvst_dpu_ouc_set_scaler_out_size 494: output size unchanged!
[ 8676.408710] vivian_dpu 50360000.dpu: Turn on IRQ: 0x401c000, 0xffffff7f, 0xffffffff!
vivianvst_dpu_ouc_set_scaler_out_size 494: output size unchanged!
[ 8676.409822] vivian_dpu 50200000.dpu: Turn on IRQ: 0x401c000, 0xffffff7f, 0xffffffff!
[ 8676.434333] Timeout waiting for sh0_bus_idle to clear
[ 8676.444510] Timeout waiting for sh4_bus_idle to clear
[ 8676.444722] btd-pdomain btd-power-domain.9: power on pd-sh-star1
[ 8676.444989] resume the power domain device: 40919000.camera_mcu
[ 8676.445214] Before power on STAR1_SW_IRQ = 0x00000000
[ 8676.445434] using cameraFirmware-0x8.bin Success
[ 8676.445451] using configData-0x8.bin Success
[ 8676.447650] Before cpu wait STAR1_SW_IRQ = 0x00000000
[ 8676.448036] After config initdone STAR1_SW_IRQ = 0x00000000
[ 8676.448201] firmware download to device: 40919000.camera_mcu done.
[ 8676.448392] camera mcu device opened, ret:0.
/mnt/fuse/camera/imx611_calibration.bin: OK
[ 8676.705234] btd-pdomain btd-power-domain.6: power on pd-isp-rgb
[ 8676.812568] [SENSOR_CORE] sensor sensor_core_open client_id=1 client_name=T0C1-SensorRead
[ 8677.404249] btd-pdomain btd-power-domain.8: power on pd-mipi-csi-mono
[ 8677.420023] [SENSOR_CORE] sensor sensor_core_direct_alloc_channel client_id=1 client_name=T0C1-SensorRead
[ 8677.420460] [SENSOR_CORE] sensor alloc region name=sshub_sram size=0x7000! 
[ 8677.420738] [INFO](lq_create): lq:imu_raw_q is already created
[ 8677.420963] [SENSOR_CORE] sensor sensor_core_direct_connect_channel client_id=1 client_name=T0C1-SensorRead
[ 8677.421389] sensorhub_manager_send_msg: ret=0, response message cmd=1 resp=0
[ 8677.421788] [SENSOR_CORE] sensor sensor_core_open client_id=2 client_name=T0C1-SensorRead
[ 8677.422109] [SENSOR_CORE] sensor sensor_core_direct_alloc_channel client_id=2 client_name=T0C1-SensorRead
[ 8677.422456] [SENSOR_CORE] sensor alloc region name=sshub_ddr size=0x9d000! 
[ 8677.422676] [SENSOR_CORE] sensor sensor_core_direct_alloc_channel client_id=2 client_name=T0C1-SensorRead
[ 8677.423050] [SENSOR_CORE] sensor alloc region name=sshub_sram size=0x7000! 
[ 8677.423425] [INFO](lq_create): lq:flick_raw_q is already created
[ 8677.423852] [SENSOR_CORE] sensor sensor_core_direct_connect_channel client_id=2 client_name=T0C1-SensorRead
[ 8677.424258] sensorhub_manager_send_msg: ret=0, response message cmd=1 resp=0
[ 8677.425806] [sensorhub] Received calibration data (*1000000): 5279 999964 -8703 -939119 8151 336311 336943 6139 937707 510 -32113 -20687
[ 8677.426706] [sensorhub] ACC calibration data sent
[ 8677.426875] [SENSOR_CORE] sensor sensor_core_direct_cfg client_id=1 client_name=T0C1-SensorRead
[ 8677.427122] [SENSORHUB_MANAGER] sensorhub_manager_direct_cfg: recevied direct cfg cmd: type=1, chl_id=1 client_id=1  rate=1024000, rsvd=0 0 0 0
[ 8677.427842] sensorhub_manager_send_msg: ret=0, response message cmd=2 resp=0
[ 8677.429012] [sensorhub] Received calibration data (*1000000): 3190 998807 -8682 -936764 8621 339580 334307 7080 941067 19177 9643 -5372
[ 8677.429915] [sensorhub] GYR calibration data sent
[ 8677.430079] [SENSOR_CORE] sensor sensor_core_direct_cfg client_id=1 client_name=T0C1-SensorRead
[ 8677.430385] [SENSORHUB_MANAGER] sensorhub_manager_direct_cfg: recevied direct cfg cmd: type=2, chl_id=1 client_id=1  rate=1024000, rsvd=0 0 0 0
[ 8677.431180] sensorhub_manager_send_msg: ret=0, response message cmd=2 resp=0
[ 8677.431484] [SENSOR_CORE] sensor sensor_core_direct_cfg client_id=2 client_name=T0C1-SensorRead
[ 8677.431735] [SENSORHUB_MANAGER] sensorhub_manager_direct_cfg: recevied direct cfg cmd: type=13, chl_id=3 client_id=2  rate=276480, rsvd=0 64 16666 0
[ 8677.432359] sensorhub_manager_send_msg: ret=0, response message cmd=2 resp=0
[ 8677.432622] [SENSOR_CORE] sensd sigio poll_in 
[ 8677.432933] [SENSOR_CORE] sensor sensor_core_direct_cfg client_id=2 client_name=T0C1-SensorRead
[ 8677.433294] [SENSORHUB_MANAGER] sensorhub_manager_direct_cfg: recevied direct cfg cmd: type=14, chl_id=3 client_id=2  rate=276480, rsvd=32768008 0 0 0
[ 8677.434074] sensorhub_manager_send_msg: ret=0, response message cmd=2 resp=0
[ 8677.434536] [SENSOR_CORE] sensd sigio poll_in 
[ 8677.465576] btd-pdomain btd-power-domain.7: power on pd-mipi-csi-tx
[ 8677.662626] [SENSOR_CORE] sensor sensor_core_open client_id=3 client_name=TrackingService
[ 8677.697119] im-pmctrl soc:im_pm_ctrl_1@1: [im_pm_ctrl_1]: isp power control power-dis start
[ 8677.697366] im-pmctrl soc:im_pm_ctrl_1@1: [im_pm_ctrl_1]: isp power control power-dis done
[ 8677.697750] im-pmctrl soc:im_pm_ctrl_1@1: [im_pm_ctrl_1]: isp power control power-en start
[ 8677.700055] im-pmctrl soc:im_pm_ctrl_1@1: Global dev power on. Operator im_pm_ctrl_1, ref cnt 1
[ 8677.700305] im-pmctrl soc:im_pm_ctrl_1@1: [im_pm_ctrl_1]: isp power control power-en done
[ 8677.700588] im-pmctrl soc:im_pm_ctrl_1@1: [im_pm_ctrl_1]: isp power control reset start
[ 8677.700831] im-pmctrl soc:im_pm_ctrl_1@1: [im_pm_ctrl_1]: isp power control reset done
[ 8677.701115] im-pmctrl soc:im_pm_ctrl_1@1: [im_pm_ctrl_1]: tcxo level rising, high_count=1
[ 8677.701354] im-pmctrl soc:im_pm_ctrl_1@1: [im_pm_ctrl_1]: AI-ISP tcxo en report!
[ 8677.709999] im-pmctrl soc:im_pm_ctrl_1@1: [im_pm_ctrl_1]: isp power control de-reset start
[ 8677.725251] im-pmctrl soc:im_pm_ctrl_1@1: [im_pm_ctrl_1]: isp power control de-reset done
[ 8677.725937] tetras-ipcdev soc:im_ipc_1@1: ipc open command triggered
[ 8677.726129] [info]: ipcdev_ioctl(411): ipc read command triggered
I0318 14:32:49.999440   403 unified_driver.cc:286] Powering on NPU, and PID is 240
I0318 14:32:49.999912   403 unified_driver.cc:302] Monitor initialization is not open
[ 8677.975373] btd-pdomain btd-power-domain.1: power on pd-npu
[ 8678.268722] [SENSOR_CORE] sensor sensor_core_direct_alloc_channel client_id=3 client_name=TrackingService
[ 8678.269025] [SENSOR_CORE] sensor alloc region name=sshub_sram size=0x7000! 
[ 8678.269282] [INFO](lq_create): lq:imu_raw_q is already created
[ 8678.269514] [SENSOR_CORE] sensor sensor_core_direct_connect_channel client_id=3 client_name=TrackingService
[ 8678.269959] sensorhub_manager_send_msg: ret=0, response message cmd=1 resp=0
[ 8678.271261] [sensorhub] Received calibration data (*1000000): 5279 999964 -8703 -939119 8151 336311 336943 6139 937707 510 -32113 -20687
[ 8678.272134] [sensorhub] ACC calibration data sent
[ 8678.272300] [SENSOR_CORE] sensor sensor_core_direct_cfg client_id=3 client_name=TrackingService
[ 8678.272551] [SENSORHUB_MANAGER] sensorhub_manager_direct_cfg: recevied direct cfg cmd: type=1, chl_id=1 client_id=3  rate=1024000, rsvd=0 0 0 0
[ 8678.273137] sensorhub_manager_send_msg: ret=0, response message cmd=2 resp=0
[ 8678.274176] [sensorhub] Received calibration data (*1000000): 3190 998807 -8682 -936764 8621 339580 334307 7080 941067 19177 9643 -5372
[ 8678.275073] [sensorhub] GYR calibration data sent
[ 8678.275240] [SENSOR_CORE] sensor sensor_core_direct_cfg client_id=3 client_name=TrackingService
[ 8678.275489] [SENSORHUB_MANAGER] sensorhub_manager_direct_cfg: recevied direct cfg cmd: type=2, chl_id=1 client_id=3  rate=1024000, rsvd=0 0 0 0
[ 8678.276101] sensorhub_manager_send_msg: ret=0, response message cmd=2 resp=0
[ 8678.276756] [sensorhub] Received calibration data (*1000000): -999964 -5279 8703 -8151 939119 -336311 -6139 -336943 -937707 0 0 0
[ 8678.277618] [sensorhub] MAG calibration data sent
[ 8678.277785] [SENSOR_CORE] sensor sensor_core_direct_cfg client_id=3 client_name=TrackingService
[ 8678.278034] [SENSORHUB_MANAGER] sensorhub_manager_direct_cfg: recevied direct cfg cmd: type=3, chl_id=1 client_id=3  rate=102400, rsvd=0 0 0 0
[ 8678.278631] sensorhub_manager_send_msg: ret=0, response message cmd=2 resp=0
[ 8678.278846] [SENSOR_CORE] sensor sensor_core_direct_cfg client_id=3 client_name=TrackingService
[ 8678.279097] [SENSORHUB_MANAGER] sensorhub_manager_direct_cfg: recevied direct cfg cmd: type=6, chl_id=1 client_id=3  rate=1024000, rsvd=0 0 0 0
[ 8678.279749] sensorhub_manager_send_msg: ret=0, response message cmd=2 resp=0
[ 8678.279962] [SENSOR_CORE] sensor sensor_core_direct_cfg client_id=3 client_name=TrackingService
[ 8678.280217] [SENSORHUB_MANAGER] sensorhub_manager_direct_cfg: recevied direct cfg cmd: type=7, chl_id=1 client_id=3  rate=1024000, rsvd=0 0 0 0
[ 8678.280854] sensorhub_manager_send_msg: ret=0, response message cmd=2 resp=0
[ 8678.281069] [SENSOR_CORE] sensor sensor_core_direct_cfg client_id=3 client_name=TrackingService
[ 8678.281324] [SENSORHUB_MANAGER] sensorhub_manager_direct_cfg: recevied direct cfg cmd: type=8, chl_id=1 client_id=3  rate=1024000, rsvd=0 0 0 0
[ 8678.281959] sensorhub_manager_send_msg: ret=0, response message cmd=2 resp=0
[ 8678.282173] [SENSOR_CORE] sensor sensor_core_direct_cfg client_id=3 client_name=TrackingService
[ 8678.282454] [SENSORHUB_MANAGER] sensorhub_manager_direct_cfg: recevied direct cfg cmd: type=9, chl_id=1 client_id=3  rate=1024000, rsvd=0 0 0 0
[ 8678.283064] sensorhub_manager_send_msg: ret=0, response message cmd=2 resp=0
[ 8678.283274] [SENSOR_CORE] sensor sensor_core_direct_cfg client_id=3 client_name=TrackingService
[ 8678.283526] [SENSORHUB_MANAGER] sensorhub_manager_direct_cfg: recevied direct cfg cmd: type=10, chl_id=1 client_id=3  rate=1024000, rsvd=0 0 0 0
[ 8678.284119] sensorhub_manager_send_msg: ret=0, response message cmd=2 resp=0
[ 8678.755506] btd-pdomain btd-power-domain.5: power on pd-mipi-csi-rgb
[ 8679.853419] im-pmctrl soc:im_pm_ctrl_0@0: [im_pm_ctrl_0]: isp power control power-dis start
[ 8679.854086] im-pmctrl soc:im_pm_ctrl_0@0: [im_pm_ctrl_0]: isp power control power-dis done
[ 8679.854434] im-pmctrl soc:im_pm_ctrl_0@0: [im_pm_ctrl_0]: isp power control power-en start
[ 8679.854673] im-pmctrl soc:im_pm_ctrl_0@0: Chip im_pm_ctrl_0 power on! ref cnt 2
[ 8679.854882] im-pmctrl soc:im_pm_ctrl_0@0: [im_pm_ctrl_0]: isp power control power-en done
[ 8679.855149] im-pmctrl soc:im_pm_ctrl_0@0: [im_pm_ctrl_0]: isp power control reset start
[ 8679.855387] im-pmctrl soc:im_pm_ctrl_0@0: [im_pm_ctrl_0]: isp power control reset done
[ 8679.855620] im-pmctrl soc:im_pm_ctrl_0@0: [im_pm_ctrl_0]: tcxo level rising, high_count=2
[ 8679.855856] im-pmctrl soc:im_pm_ctrl_0@0: [im_pm_ctrl_0]: AI-ISP tcxo en report!
[ 8679.862070] im-pmctrl soc:im_pm_ctrl_0@0: [im_pm_ctrl_0]: isp power control de-reset start
[ 8679.874163] im-pmctrl soc:im_pm_ctrl_0@0: [im_pm_ctrl_0]: isp power control de-reset done
[ 8679.875636] tetras-ipcdev soc:im_ipc_0@0: ipc open command triggered
[ 8679.875830] [info]: ipcdev_ioctl(411): ipc read command triggered
[ 8679.982187] [SENSOR_CORE] sensor sensor_core_open client_id=4 client_name=TrackingService
[ 8679.982548] [SENSOR_CORE] sensor sensor_core_direct_alloc_channel client_id=4 client_name=TrackingService
[ 8679.982874] [SENSOR_CORE] sensor alloc region name=sshub_ddr size=0x9d000! 
[ 8679.983126] [SENSOR_CORE] sensor sensor_core_direct_alloc_channel client_id=4 client_name=TrackingService
[ 8679.983409] [SENSOR_CORE] sensor alloc region name=sshub_sram size=0x7000! 
[ 8679.983679] [INFO](lq_create): lq:flick_raw_q is already created
[ 8679.984108] [SENSOR_CORE] sensor sensor_core_direct_connect_channel client_id=4 client_name=TrackingService
[ 8679.984625] sensorhub_manager_send_msg: ret=0, response message cmd=1 resp=0
[ 8679.984841] [SENSOR_CORE] sensor sensor_core_direct_cfg client_id=4 client_name=TrackingService
[ 8679.985097] [SENSORHUB_MANAGER] sensorhub_manager_direct_cfg: recevied direct cfg cmd: type=13, chl_id=3 client_id=4  rate=276480, rsvd=0 64 16666 0
[ 8679.985703] sensorhub_manager_send_msg: ret=0, response message cmd=2 resp=0
[ 8679.985931] [SENSOR_CORE] sensd sigio poll_in 
[ 8679.986079] [SENSOR_CORE] sensor sensor_core_direct_cfg client_id=4 client_name=TrackingService
[ 8679.986361] [SENSORHUB_MANAGER] sensorhub_manager_direct_cfg: recevied direct cfg cmd: type=14, chl_id=3 client_id=4  rate=276480, rsvd=32768008 0 0 0
[ 8679.986943] sensorhub_manager_send_msg: ret=0, response message cmd=2 resp=0
[ 8679.987151] [SENSOR_CORE] sensd sigio poll_in 
[ 8680.003973] [SENSOR_CORE] sensor sensor_core_direct_cfg client_id=3 client_name=TrackingService
[ 8680.004270] [SENSORHUB_MANAGER] sensorhub_manager_direct_cfg: recevied direct cfg cmd: type=6, chl_id=1 client_id=3  rate=0, rsvd=0 0 0 0
[ 8680.004944] sensorhub_manager_send_msg: ret=0, response message cmd=2 resp=0
[ 8680.005198] [SENSOR_CORE] sensor sensor_core_direct_cfg client_id=3 client_name=TrackingService
[ 8680.005464] [SENSORHUB_MANAGER] sensorhub_manager_direct_cfg: recevied direct cfg cmd: type=6, chl_id=1 client_id=3  rate=1024000, rsvd=0 0 0 0
[ 8680.006117] sensorhub_manager_send_msg: ret=0, response message cmd=2 resp=0
[ 8680.423783] [SENSOR_CORE] sensor sensor_core_open client_id=5 client_name=ap_sensor_servi
[ 8680.424104] [SENSOR_CORE] sensor sensor_core_direct_alloc_channel client_id=5 client_name=ap_sensor_servi
[ 8680.424383] [SENSOR_CORE] sensor alloc region name=sshub_ddr size=0x9d000! 
[ 8680.424599] [SENSOR_CORE] sensor sensor_core_direct_alloc_channel client_id=5 client_name=ap_sensor_servi
[ 8680.424902] [SENSOR_CORE] sensor alloc region name=sshub_sram size=0x7000! 
[ 8680.425172] [INFO](lq_create): lq:flick_raw_q is already created
[ 8680.425490] [SENSOR_CORE] sensor sensor_core_direct_connect_channel client_id=5 client_name=ap_sensor_servi
[ 8680.426306] sensorhub_manager_send_msg: ret=0, response message cmd=1 resp=0
[ 8680.427505] [SENSOR_CORE] sensor sensor_core_direct_cfg client_id=5 client_name=ap_sensor_servi
[ 8680.427923] [SENSORHUB_MANAGER] sensorhub_manager_direct_cfg: recevied direct cfg cmd: type=13, chl_id=3 client_id=5  rate=276480, rsvd=0 0 0 0
[ 8680.428542] sensorhub_manager_send_msg: ret=0, response message cmd=2 resp=0
[ 8680.428768] [SENSOR_CORE] sensd sigio poll_in 
[ 8680.431239] [SENSOR_CORE] sensor sensor_core_direct_cfg client_id=5 client_name=ap_sensor_servi
[ 8680.431494] [SENSORHUB_MANAGER] sensorhub_manager_direct_cfg: recevied direct cfg cmd: type=14, chl_id=3 client_id=5  rate=276480, rsvd=0 0 0 0
[ 8680.432084] sensorhub_manager_send_msg: ret=0, response message cmd=2 resp=0
[ 8680.432341] [SENSOR_CORE] sensd sigio poll_in 
[ 8680.463663] brp_open: power on
[ 8680.464471] btd-pdomain btd-power-domain.0: power on pd-dsp
[ 8680.464821] brp 424fc000.dsp: open brp device
[ 8680.626821] brp_open: power on
[ 8680.627108] brp 424fc000.dsp: open brp device
[ 8682.145488] Previous task(267:266) is ongoing, wait here!
[ 8682.315912] brp 424fc000.dsp: close brp device
[ 8682.316103] brp_release: power off
[ 8682.316985] brp 424fc000.dsp: close brp device
[ 8682.317250] brp_release: power off
[ 8682.317388] btd-pdomain btd-power-domain.0: power off pd-dsp
[ 8682.436454] brp_open: power on
[ 8682.437502] btd-pdomain btd-power-domain.0: power on pd-dsp
[ 8682.438169] brp 424fc000.dsp: open brp device
[ 8682.554964] brp_open: power on
[ 8682.555117] brp 424fc000.dsp: open brp device
[ 8682.720317] brp_open: power on
[ 8682.720641] brp 424fc000.dsp: open brp device
[ 8683.124758] brp 424fc000.dsp: close brp device
[ 8683.124969] brp_release: power off
[ 8683.126435] brp 424fc000.dsp: close brp device
[ 8683.126668] brp_release: power off
[ 8683.126922] brp 424fc000.dsp: close brp device
[ 8683.127232] brp_release: power off
[ 8683.127386] btd-pdomain btd-power-domain.0: power off pd-dsp
[ 8683.192010] brp_open: power on
[ 8683.192866] btd-pdomain btd-power-domain.0: power on pd-dsp
[ 8683.193235] brp 424fc000.dsp: open brp device
[ 8683.368784] brp_open: power on
[ 8683.368963] brp 424fc000.dsp: open brp device
[ 8696.084248] brp 424fc000.dsp: close brp device
[ 8696.084433] brp_release: power off
[ 8696.085130] brp 424fc000.dsp: close brp device
[ 8696.085375] brp_release: power off
[ 8696.085506] btd-pdomain btd-power-domain.0: power off pd-dsp
[ 8696.155880] Previous task(2126:2125) is ongoing, wait here!
[ 8696.178555] brp_open: power on
[ 8696.179368] btd-pdomain btd-power-domain.0: power on pd-dsp
[ 8696.179729] brp 424fc000.dsp: open brp device
[ 8696.296587] brp_open: power on
[ 8696.296737] brp 424fc000.dsp: open brp device
[ 8696.439678] brp_open: power on
[ 8696.439877] brp 424fc000.dsp: open brp device
[ 8698.755954] Previous task(2480:2479) is ongoing, wait here!
[ 8698.790882] Previous task(2484:2483) is ongoing, wait here!
[ 8699.913496] Refresh FRA info done!
[ 8699.973098] vivian_dpu 50200000.dpu: FRA adjust done!
[ 8700.012393] Refresh FRA info done!
[ 8700.074199] vivian_dpu 50200000.dpu: FRA adjust done!
[ 8700.114012] Refresh FRA info done!
[ 8700.176432] vivian_dpu 50200000.dpu: FRA adjust done!
[ 8700.216771] Refresh FRA info done!
[ 8700.279905] vivian_dpu 50200000.dpu: FRA adjust done!
[ 8700.320536] Refresh FRA info done!
[ 8700.384465] vivian_dpu 50200000.dpu: FRA adjust done!
[ 8700.437514] Refresh FRA info done!
[ 8700.502064] vivian_dpu 50200000.dpu: FRA adjust done!
[ 8700.520205] Refresh FRA info done!
[ 8700.585302] vivian_dpu 50200000.dpu: FRA adjust done!
[ 8700.616127] Refresh FRA info done!
[ 8700.681832] vivian_dpu 50200000.dpu: FRA adjust done!
[ 8700.713104] Refresh FRA info done!
[ 8700.779339] vivian_dpu 50200000.dpu: FRA adjust done!
[ 8700.824447] Refresh FRA info done!
[ 8700.890373] vivian_dpu 50200000.dpu: FRA adjust done!
[ 8700.922567] Refresh FRA info done!
[ 8700.990404] vivian_dpu 50200000.dpu: FRA adjust done!
[ 8701.023583] Refresh FRA info done!
[ 8701.091532] vivian_dpu 50200000.dpu: FRA adjust done!
[ 8701.112197] Refresh FRA info done!
[ 8701.181274] vivian_dpu 50200000.dpu: FRA adjust done!
[ 8701.215152] Refresh FRA info done!
[ 8701.285181] vivian_dpu 50200000.dpu: FRA adjust done!
[ 8701.319494] Refresh FRA info done!
[ 8701.390398] vivian_dpu 50200000.dpu: FRA adjust done!
[ 8701.425191] Refresh FRA info done!
[ 8701.497114] vivian_dpu 50200000.dpu: FRA adjust done!
[ 8701.518731] Refresh FRA info done!
[ 8701.560083] brp 424fc000.dsp: close brp device
[ 8701.560431] brp_release: power off
[ 8701.561466] brp 424fc000.dsp: close brp device
[ 8701.561797] brp_release: power off
[ 8701.562050] brp 424fc000.dsp: close brp device
[ 8701.562378] brp_release: power off
[ 8701.562505] btd-pdomain btd-power-domain.0: power off pd-dsp
[ 8701.591581] vivian_dpu 50200000.dpu: FRA adjust done!
[ 8701.613542] Refresh FRA info done!
[ 8701.687545] vivian_dpu 50200000.dpu: FRA adjust done!
[ 8701.913555] [SENSOR_CORE] sensor sensor_core_direct_disconnect_channel client_id=4 client_name=TrackingService
[ 8701.914183] sensorhub_manager_send_msg: ret=0, response message cmd=3 resp=0
[ 8701.914518] [SENSOR_CORE] sensor_core_release client_id=4 client_name=TrackingService 
[ 8701.914778] [SENSOR_CORE] sensor client_free 
[ 8704.099665] [SENSOR_CORE] sensor sensor_core_direct_cfg client_id=3 client_name=TrackingService
[ 8704.099979] [SENSORHUB_MANAGER] sensorhub_manager_direct_cfg: recevied direct cfg cmd: type=-1, chl_id=1 client_id=3  rate=0, rsvd=0 0 0 0
[ 8704.101241] sensorhub_manager_send_msg: ret=0, response message cmd=2 resp=0
[ 8704.101474] [SENSOR_CORE] sensor sensor_core_direct_disconnect_channel client_id=3 client_name=TrackingService
[ 8704.101880] sensorhub_manager_send_msg: ret=0, response message cmd=3 resp=0
[ 8704.102272] [SENSOR_CORE] sensor_core_release client_id=3 client_name=TrackingService 
[ 8704.102518] [SENSOR_CORE] sensor client_free 
[ 8704.133584] [SENSOR_CORE] sensor sensor_core_open client_id=3 client_name=TrackingService
[ 8704.739570] [SENSOR_CORE] sensor sensor_core_direct_alloc_channel client_id=3 client_name=TrackingService
[ 8704.739873] [SENSOR_CORE] sensor alloc region name=sshub_sram size=0x7000! 
[ 8704.740233] [INFO](lq_create): lq:imu_raw_q is already created
[ 8704.740573] [SENSOR_CORE] sensor sensor_core_direct_connect_channel client_id=3 client_name=TrackingService
[ 8704.740985] sensorhub_manager_send_msg: ret=0, response message cmd=1 resp=0
[ 8704.742620] [sensorhub] Received calibration data (*1000000): 5279 999964 -8703 -939119 8151 336311 336943 6139 937707 510 -32113 -20687
[ 8704.743510] [sensorhub] ACC calibration data sent
[ 8704.743682] [SENSOR_CORE] sensor sensor_core_direct_cfg client_id=3 client_name=TrackingService
[ 8704.743933] [SENSORHUB_MANAGER] sensorhub_manager_direct_cfg: recevied direct cfg cmd: type=1, chl_id=1 client_id=3  rate=1024000, rsvd=0 0 0 0
[ 8704.744492] sensorhub_manager_send_msg: ret=0, response message cmd=2 resp=0
[ 8704.745769] [sensorhub] Received calibration data (*1000000): 3190 998807 -8682 -936764 8621 339580 334307 7080 941067 19177 9643 -5372
[ 8704.746635] [sensorhub] GYR calibration data sent
[ 8704.746805] [SENSOR_CORE] sensor sensor_core_direct_cfg client_id=3 client_name=TrackingService
[ 8704.747056] [SENSORHUB_MANAGER] sensorhub_manager_direct_cfg: recevied direct cfg cmd: type=2, chl_id=1 client_id=3  rate=1024000, rsvd=0 0 0 0
[ 8704.747633] sensorhub_manager_send_msg: ret=0, response message cmd=2 resp=0
[ 8704.748394] [sensorhub] Received calibration data (*1000000): -999964 -5279 8703 -8151 939119 -336311 -6139 -336943 -937707 0 0 0
[ 8704.749376] [sensorhub] MAG calibration data sent
[ 8704.749553] [SENSOR_CORE] sensor sensor_core_direct_cfg client_id=3 client_name=TrackingService
[ 8704.749824] [SENSORHUB_MANAGER] sensorhub_manager_direct_cfg: recevied direct cfg cmd: type=3, chl_id=1 client_id=3  rate=102400, rsvd=0 0 0 0
[ 8704.750557] sensorhub_manager_send_msg: ret=0, response message cmd=2 resp=0
[ 8704.750795] [SENSOR_CORE] sensor sensor_core_direct_cfg client_id=3 client_name=TrackingService
[ 8704.751053] [SENSORHUB_MANAGER] sensorhub_manager_direct_cfg: recevied direct cfg cmd: type=6, chl_id=1 client_id=3  rate=1024000, rsvd=0 0 0 0
[ 8704.751689] sensorhub_manager_send_msg: ret=0, response message cmd=2 resp=0
[ 8704.751939] [SENSOR_CORE] sensor sensor_core_direct_cfg client_id=3 client_name=TrackingService
[ 8704.752227] [SENSORHUB_MANAGER] sensorhub_manager_direct_cfg: recevied direct cfg cmd: type=7, chl_id=1 client_id=3  rate=1024000, rsvd=0 0 0 0
[ 8704.752860] sensorhub_manager_send_msg: ret=0, response message cmd=2 resp=0
[ 8704.753084] [SENSOR_CORE] sensor sensor_core_direct_cfg client_id=3 client_name=TrackingService
[ 8704.753404] [SENSORHUB_MANAGER] sensorhub_manager_direct_cfg: recevied direct cfg cmd: type=8, chl_id=1 client_id=3  rate=1024000, rsvd=0 0 0 0
[ 8704.754017] sensorhub_manager_send_msg: ret=0, response message cmd=2 resp=0
[ 8704.754254] [SENSOR_CORE] sensor sensor_core_direct_cfg client_id=3 client_name=TrackingService
[ 8704.754507] [SENSORHUB_MANAGER] sensorhub_manager_direct_cfg: recevied direct cfg cmd: type=9, chl_id=1 client_id=3  rate=1024000, rsvd=0 0 0 0
[ 8704.755128] sensorhub_manager_send_msg: ret=0, response message cmd=2 resp=0
[ 8704.755341] [SENSOR_CORE] sensor sensor_core_direct_cfg client_id=3 client_name=TrackingService
[ 8704.755596] [SENSORHUB_MANAGER] sensorhub_manager_direct_cfg: recevied direct cfg cmd: type=10, chl_id=1 client_id=3  rate=1024000, rsvd=0 0 0 0
[ 8704.756242] sensorhub_manager_send_msg: ret=0, response message cmd=2 resp=0
[ 8704.840542] [SENSOR_CORE] sensor sensor_core_open client_id=4 client_name=TrackingService
[ 8704.840852] [SENSOR_CORE] sensor sensor_core_direct_alloc_channel client_id=4 client_name=TrackingService
[ 8704.841128] [SENSOR_CORE] sensor alloc region name=sshub_ddr size=0x9d000! 
[ 8704.841336] [SENSOR_CORE] sensor sensor_core_direct_alloc_channel client_id=4 client_name=TrackingService
[ 8704.841607] [SENSOR_CORE] sensor alloc region name=sshub_sram size=0x7000! 
[ 8704.841851] [INFO](lq_create): lq:flick_raw_q is already created
[ 8704.842409] [SENSOR_CORE] sensor sensor_core_direct_connect_channel client_id=4 client_name=TrackingService
[ 8704.842855] sensorhub_manager_send_msg: ret=0, response message cmd=1 resp=0
[ 8704.843071] [SENSOR_CORE] sensor sensor_core_direct_cfg client_id=4 client_name=TrackingService
[ 8704.843324] [SENSORHUB_MANAGER] sensorhub_manager_direct_cfg: recevied direct cfg cmd: type=13, chl_id=3 client_id=4  rate=276480, rsvd=0 64 16666 0
[ 8704.843921] sensorhub_manager_send_msg: ret=0, response message cmd=2 resp=0
[ 8704.844145] [SENSOR_CORE] sensd sigio poll_in 
[ 8704.844288] [SENSOR_CORE] sensor sensor_core_direct_cfg client_id=4 client_name=TrackingService
[ 8704.844617] [SENSORHUB_MANAGER] sensorhub_manager_direct_cfg: recevied direct cfg cmd: type=14, chl_id=3 client_id=4  rate=276480, rsvd=32768008 0 0 0
[ 8704.845269] sensorhub_manager_send_msg: ret=0, response message cmd=2 resp=0
[ 8704.845496] [SENSOR_CORE] sensd sigio poll_in 
[ 8705.312609] brp_open: power on
[ 8705.313712] btd-pdomain btd-power-domain.0: power on pd-dsp
[ 8705.314076] brp 424fc000.dsp: open brp device
[ 8705.451246] brp_open: power on
[ 8705.451391] brp 424fc000.dsp: open brp device
[ 8705.615972] brp_open: power on
[ 8705.616119] brp 424fc000.dsp: open brp device
[ 8707.377020] Previous task(3103:3102) is ongoing, wait here!
[ 8708.528333] Previous task(3258:3257) is ongoing, wait here!
[ 8714.027069] Previous task(3946:3945) is ongoing, wait here!
[ 8716.763844] Refresh FRA info done!
[ 8716.838724] vivian_dpu 50200000.dpu: FRA adjust done!
[ 8716.860045] Refresh FRA info done!
[ 8716.934350] vivian_dpu 50200000.dpu: FRA adjust done!
[ 8716.969082] Refresh FRA info done!
[ 8717.042362] vivian_dpu 50200000.dpu: FRA adjust done!
[ 8717.063884] Refresh FRA info done!
[ 8717.135720] vivian_dpu 50200000.dpu: FRA adjust done!
[ 8717.156641] Refresh FRA info done!
[ 8717.227723] vivian_dpu 50200000.dpu: FRA adjust done!
[ 8717.261420] Refresh FRA info done!
[ 8717.331630] vivian_dpu 50200000.dpu: FRA adjust done!
[ 8717.365020] Refresh FRA info done!
[ 8717.434207] vivian_dpu 50200000.dpu: FRA adjust done!
[ 8717.467132] Refresh FRA info done!
[ 8717.535610] vivian_dpu 50200000.dpu: FRA adjust done!
[ 8717.567613] Refresh FRA info done!
[ 8717.635425] vivian_dpu 50200000.dpu: FRA adjust done!
[ 8717.667306] Refresh FRA info done!
[ 8717.734245] vivian_dpu 50200000.dpu: FRA adjust done!
[ 8717.765293] Refresh FRA info done!
[ 8717.831733] vivian_dpu 50200000.dpu: FRA adjust done!
[ 8717.862395] Refresh FRA info done!
[ 8717.928819] vivian_dpu 50200000.dpu: FRA adjust done!
[ 8717.958473] Refresh FRA info done!
[ 8718.023189] vivian_dpu 50200000.dpu: FRA adjust done!
[ 8718.064525] Refresh FRA info done!
[ 8718.129198] vivian_dpu 50200000.dpu: FRA adjust done!
[ 8718.170353] Refresh FRA info done!
[ 8718.233870] vivian_dpu 50200000.dpu: FRA adjust done!
[ 8718.262777] Refresh FRA info done!
[ 8718.325680] vivian_dpu 50200000.dpu: FRA adjust done!
[ 8718.365858] Refresh FRA info done!
[ 8718.427870] vivian_dpu 50200000.dpu: FRA adjust done!
[ 8718.467858] Refresh FRA info done!
[ 8718.529180] vivian_dpu 50200000.dpu: FRA adjust done!
[ 8731.779232] Previous task(6326:6325) is ongoing, wait here!
[ 8738.829761] [info]: ipcdev_ioctl(411): ipc read command triggered
[ 8738.830984] tetras-ipcdev soc:im_ipc_1@1: ipc close command triggered
[ 8738.831344] im-pmctrl soc:im_pm_ctrl_1@1: [im_pm_ctrl_1]: isp power control power-dis start
[ 8738.831584] im-pmctrl soc:im_pm_ctrl_1@1: Chip im_pm_ctrl_1 power off! ref cnt 1
[ 8738.831797] im-pmctrl soc:im_pm_ctrl_1@1: [im_pm_ctrl_1]: isp power control power-dis done
[ 8738.852272] btd-pdomain btd-power-domain.5: power off pd-mipi-csi-rgb
[ 8739.455199] [info]: ipcdev_ioctl(411): ipc read command triggered
[ 8739.456250] tetras-ipcdev soc:im_ipc_0@0: ipc close command triggered
[ 8739.456715] im-pmctrl soc:im_pm_ctrl_0@0: [im_pm_ctrl_0]: isp power control power-dis start
[ 8739.456973] im-pmctrl soc:im_pm_ctrl_0@0: Chip im_pm_ctrl_0 power off! ref cnt 0
[ 8739.459317] im-pmctrl soc:im_pm_ctrl_0@0: Global dev power off. Operator im_pm_ctrl_0, ref cnt 0
[ 8739.459639] im-pmctrl soc:im_pm_ctrl_0@0: [im_pm_ctrl_0]: isp power control power-dis done
[ 8739.459948] im-pmctrl soc:im_pm_ctrl_0@0: [im_pm_ctrl_0]: tcxo level falling, high_count=1
[ 8739.460249] im-pmctrl soc:im_pm_ctrl_0@0: [im_pm_ctrl_0]: AI-ISP tcxo dis report!
[ 8739.463523] im-pmctrl soc:im_pm_ctrl_1@1: [im_pm_ctrl_1]: tcxo level falling, high_count=0
[ 8739.463768] im-pmctrl soc:im_pm_ctrl_1@1: [im_pm_ctrl_1]: AI-ISP tcxo dis report!
[ 8739.469999] btd-pdomain btd-power-domain.6: power off pd-isp-rgb
[ 8739.483396] [SENSOR_CORE] sensor sensor_core_direct_cfg client_id=1 client_name=T0C1-SensorRead
[ 8739.483670] [SENSORHUB_MANAGER] sensorhub_manager_direct_cfg: recevied direct cfg cmd: type=-1, chl_id=1 client_id=1  rate=0, rsvd=0 0 0 0
[ 8739.484826] sensorhub_manager_send_msg: ret=0, response message cmd=2 resp=0
[ 8739.485204] [SENSOR_CORE] sensor sensor_core_direct_disconnect_channel client_id=1 client_name=T0C1-SensorRead
[ 8739.485638] sensorhub_manager_send_msg: ret=0, response message cmd=3 resp=0
[ 8739.485955] [SENSOR_CORE] sensor sensor_core_direct_cfg client_id=2 client_name=T0C1-SensorRead
[ 8739.486230] [SENSORHUB_MANAGER] sensorhub_manager_direct_cfg: recevied direct cfg cmd: type=-1, chl_id=3 client_id=2  rate=0, rsvd=0 0 0 0
[ 8739.487402] sensorhub_manager_send_msg: ret=0, response message cmd=2 resp=0
[ 8739.487640] [SENSOR_CORE] sensd sigio poll_out 29
[ 8739.487793] [SENSOR_CORE] sensd sigio poll_out 29
[ 8739.488423] [SENSOR_CORE] sensor sensor_core_direct_disconnect_channel client_id=2 client_name=T0C1-SensorRead
[ 8739.489041] sensorhub_manager_send_msg: ret=0, response message cmd=3 resp=0
[ 8739.489669] [SENSOR_CORE] sensor_core_release client_id=1 client_name=T0C1-SensorRead 
[ 8739.489923] [SENSOR_CORE] sensor client_free 
[ 8739.490156] [SENSOR_CORE] sensor_core_release client_id=2 client_name=T0C1-SensorRead 
[ 8739.490452] [SENSOR_CORE] sensor client_free 
[ 8739.495969] btd-pdomain btd-power-domain.7: power off pd-mipi-csi-tx
[ 8739.503322] vivian_dpu 50360000.dpu: Disable all IRQs!
[ 8739.505459] Polling dpu status timeout(20)!
[ 8739.505685] vivian_dpu 50200000.dpu: Disable all IRQs!
[ 8739.507799] Polling dpu status timeout(20)!
[ 8739.508145] vivian_dpu 50360000.dpu: Disable all IRQs!
[ 8739.508472] vivian_dpu 50200000.dpu: Disable all IRQs!
[ 8739.508677] btd-pdomain btd-power-domain.4: power off pd-dpu
[ 8739.519110] mipi-dsi 43900000.dsitx_ss: stream off ret=0
[ 8739.519305] mipi-dsi 43900000.dsitx_ss: subsys power off
[ 8739.519493] btd-pdomain btd-power-domain.3: power off pd-mipi-dsi-tx
[ 8739.519749] mipi-dsi 43900000.dsitx_ss: power ctrl: off
[ 8739.519929] mipi-dsi 43880000.dsirx_ss: subsys power off
[ 8739.520105] btd-pdomain btd-power-domain.2: power off pd-mipi-dsi-rx
[ 8739.520318] mipi-dsi 43880000.dsirx_ss: power ctrl: off
